src_code,src_content,dst_code,dst_content
Korean,2 / 4 pcs,Spanish,2 piezas / 4 piezas
Korean,2 / 4 pcs,Chinese (Simplified),2 / 4 件
Korean,2 / 4 pcs,Chinese (Traditional),2 / 4 件
Korean,4 / 8 pcs,Chinese (Simplified),4 / 8 件
Korean,4 / 8 pcs,Chinese (Traditional),4 / 8 件
Korean,2 / 4 pcs,Arabic,2/4 القطع
Korean,2 / 4 pcs,German,2 / 4 Stück
Korean,2 / 4 pcs,Japanese,2 / 4 個
Korean,2 / 4 pcs,Spanish,2 piezas / 4 piezas
Korean,2 / 4 pcs,Vietnamese,2 / 4 miếng
Korean,4 / 8 pcs,Arabic,4/8 القطع
Korean,4 / 8 pcs,German,4 / 8 Stück
Korean,4 / 8 pcs,Japanese,4 / 8 個
Korean,4 / 8 pcs,Spanish,4 piezas / 8 piezas
Korean,4 / 8 pcs,Vietnamese,4 / 8 miếng
Korean,4PC,Arabic,4 قطع
Korean,4PC,English,4 pcs.
Korean,4PC,French,4 pcs
Korean,4PC,German,4 Stück.
Korean,4PC,Japanese,4個
Korean,4PC,Spanish,4 piezas
Korean,4PC,Vietnamese,4 miếng
Korean,HOT ONLY,Arabic,ساخن
Korean,HOT ONLY,Chinese (Simplified),仅提供热饮
Korean,HOT ONLY,Chinese (Traditional),只有熱的
Korean,HOT ONLY,French,Chaud
Korean,HOT ONLY,German,NUR HEISS SERVIERT
Korean,HOT ONLY,Japanese,ホットのみ
Korean,HOT ONLY,Spanish,SOLO CALIENTE
Korean,HOT ONLY,Vietnamese,CHỈ CÓ NÓNG
Korean,"- RE: COTTON 55%, POLY 45%, HH - COTTON 95%, POLYURETHANE 5%",Japanese,"表地：綿 55%, POLY 45%, 裏地: 綿 95%, ポリウレタン 5%"
Korean,"- RE: COTTON 55%, POLY 45%, HH - COTTON 95%, POLYURETHANE 5%",English,"Outer fabric COTTON 55%, POLY 45%, Lining: COTTON 95%, POLYURETHANE 5%"
Korean,"- RE: COTTON 55%, POLY 45%, HH - COTTON 95%, POLYURETHANE 5%",Vietnamese,"Vải bên ngoài: Vải bông 55%, POLY 45%, Lớp lót: COTTON 95%, POLYURETHANE 5%"
Korean,1/,Malay,1 Orang
Korean,1/,Thai,1 ที่
Korean,1/,Vietnamese,1 người
Korean,10-3 Month Season Menu,Spanish,Menú de temporada de Octubre a Marzo
Korean,10-3 Month Season Menu,Japanese,10月から3月までの季節メニュー
Korean,10-3 Month Season Menu,Chinese (Traditional),十至三月時令菜單
Korean,10-3 Month Season Menu,Chinese (Simplified),十月至三月菜单
Korean,10-3 Month Season Menu,English,Oct-Mar Seasonal Menu
Korean,"16,000",English,16000
Korean,166cm / M size,Japanese,166cm / Mサイズ
Korean,166cm / M size,Vietnamese,166cm / Cỡ M
Korean,166cm/ M size,English,166cm / M size
Korean,166cm/ M size,Vietnamese,166cm / Cỡ M
Korean,166cm/ M size,Japanese,166cm / M サイズ
Korean,166cm/F size,Vietnamese,166cm/F cỡ
Korean,166cm/F size,Japanese,166cm/F サイズ
Korean,173cm / M size,Vietnamese,173cm / Cỡ M
Korean,173cm / M size,Japanese,173cm / M サイズ
Korean,175cm/  M size,Vietnamese,175cm / Cỡ M
Korean,175cm/  M size,Japanese,175cm / M サイズ
Korean,175cm/  M size,English,175cm /  M size
Korean,182cm / L size,Vietnamese,182cm / Cỡ L
Korean,182cm / L size,Japanese,182cm / L サイズ
Korean,183cm / L size,Vietnamese,183cm / Cỡ L
Korean,183cm / L size,Japanese,183cm / L サイズ
Korean,"19,000",English,19000
Korean,1966 burger,Chinese (Simplified),1966 汉堡
Korean,1966 burger,Chinese (Traditional),1966 汉堡
Korean,1966 burger,English,1966 Burger
Korean,1966 burger,Indonesian,1966 Burger
Korean,1966 burger,Vietnamese,1966 Burger
Korean,1966 burger,Thai,1966  เบอร์เกอร์
Korean,1966 burger,Japanese,1966 バーガー
Korean,1EA,Chinese (Simplified),1个
Korean,1EA,Chinese (Traditional),1個
Korean,1EA,English,1 ea
Korean,1EA,Japanese,１EA
Korean,1^,Indonesian,1 Porsi
Korean,1^,Malay,1 Orang
Korean,1^,Thai,1 ที่
Korean,1^,Vietnamese,1 người
Korean,1kg,Chinese (Simplified),1公斤
Korean,1kg,English,1 kg
Korean,1kg,Japanese,１kg
Korean,"2,0",Indonesian,2 rb
Korean,"2,0",Spanish,"2,000"
Korean,"2,000",English,2000
Korean,200g,Chinese (Simplified),200克
Korean,200g,English,200 g
Korean,"22,000",English,22000
Korean,"23,000",Chinese (Simplified),19000
Korean,"23,000",English,23000
Korean,2pc,Arabic,قطعتان.
Korean,2pc,English,2 pcs.
Korean,2pc,French,2 pcs
Korean,2pc,German,2 Stück
Korean,2pc,Japanese,2個
Korean,2pc,Spanish,2 piezas
Korean,2pc,Vietnamese,2 miếng
Korean,3,Japanese,３個
Korean,3~4A,English,3~4ppl
Korean,4-9 Month Season Menu,Spanish,Menú de temporada de Abril a Septiembre
Korean,4-9 Month Season Menu,Japanese,4月から9月までの季節メニュー
Korean,4-9 Month Season Menu,English,Apr-Sep Seasonal Menu
Korean,4-9 Month Season Menu,Chinese (Traditional),四至九月時令菜單
Korean,4-9 Month Season Menu,Chinese (Simplified),四月至九月菜单
Korean,"43,000",English,43000
Korean,4pc,Arabic,4 قطع.
Korean,4pc,English,4 pcs.
Korean,4pc,French,4 pcs
Korean,4pc,German,4 Stück.
Korean,4pc,Japanese,4個
Korean,4pc,Spanish,4 piezas
Korean,4pc,Vietnamese,4 miếng
Korean,"6,900",English,6900
Korean,"7,000",English,7000
Korean,"7,900",English,7900
Korean,"8,000",English,8000
Korean,"8,900",English,8900
Korean,"9,000",English,9000
Korean,"ALABV4.5, IBU23",Chinese (Simplified),"Pilsner（ABV4.5, IBU23）"
Korean,"ALABV4.5, IBU23",English,"PilsnerABV4.5, IBU23"
Korean,"ALABV4.5, IBU23",Japanese,"PilsnerABV4.5, IBU23"
Korean,"Assorted BBQ, Green salad, rice noodle, Sweet Nooc-Mam sauce",Chinese (Simplified),所有的烤物、绿色沙拉、米线、甜鱼酱
Korean,"Assorted BBQ, Green salad, rice noodle, Sweet Nooc-Mam sauce",Chinese (Traditional),燒烤拼盤、蔬菜沙拉、米線、甜魚露
Korean,"Assorted BBQ, Green salad, rice noodle, Sweet Nooc-Mam sauce",Japanese,すべてのBBQ、グリーンサラダ、フォー、甘いフィッシュソース
Korean,"Assorted BBQ, Green salad, rice noodle, Sweet Nooc-Mam sauce",Spanish,"Cualquier Barbacoa, Ensalada Verde, Fideos De Arroz, Salsa Dulce De Pescado"
Korean,"Australia , Pinot noir",Japanese,オーストラリア、ピノノワール
Korean,BBQ Chicken Wing,Chinese (Simplified),烤鸡翅
Korean,BBQ Chicken Wing,Chinese (Traditional),烤雞翅
Korean,BBQ Chicken Wing,Japanese,BBQチキンウィング
Korean,BBQ Chicken Wing,Spanish,Alitas de pollo a la barbacoa
Korean,"BBQ Pork Sausages, Spice Noodle Soup",Chinese (Simplified),烤猪肉香肠、香辣米线
Korean,"BBQ Pork Sausages, Spice Noodle Soup",Chinese (Traditional),烤豬肉香腸、辣米線
Korean,"BBQ Pork Sausages, Spice Noodle Soup",Japanese,BBQ豚ソーセージ、スパイシーフォー
Korean,"BBQ Pork Sausages, Spice Noodle Soup",Spanish,"Salchichas De Cerdo A La Barbacoa, Fideos De Arroz Picantes"
Korean,BEER,Chinese (Simplified),啤酒
Korean,BEER,Chinese (Traditional),啤酒
Korean,BEER,Japanese,ビール
Korean,BEER,Spanish,Cerveza
Korean,BEIGE / KHAKI / BLACK,Japanese,ベージュ / カーキ / ブラック
Korean,BEIGE / KHAKI / BLACK,Vietnamese,Màu be / Màu xanh khaki / Màu đen
Korean,BLACK,Japanese,ブラック
Korean,BLACK/CREAM / GRAY,English,BLACK / CREAM / GRAY
Korean,BLACK/CREAM / GRAY,Japanese,ブラック / クリーム / グレー
Korean,BLACK/CREAM / GRAY,Vietnamese,Đen / Kem / Xám
Korean,Banh Xeo,Chinese (Simplified),Bahn Xeo
Korean,Banh Xeo,Chinese (Traditional),Bahn Xeo
Korean,Banh Xeo,English,Bahn Xeo
Korean,Banh Xeo,Japanese,Bahn Xeo
Korean,Banh Xeo,Spanish,Bahn Xeo
Korean,"Blanched Beef, Rice Noodle Soup",Chinese (Simplified),清焯牛肉、米线
Korean,"Blanched Beef, Rice Noodle Soup",Chinese (Traditional),牛肉湯、米線
Korean,"Blanched Beef, Rice Noodle Soup",Japanese,茹でた牛肉、フォー
Korean,"Blanched Beef, Rice Noodle Soup",Spanish,"Carne de res escalfada, fideos de arroz"
Korean,"Blanched Beef, Spicy Rice Noodle Soup",Chinese (Simplified),清焯牛肉、香辣米线
Korean,"Blanched Beef, Spicy Rice Noodle Soup",Chinese (Traditional),牛肉湯、辣米線
Korean,"Blanched Beef, Spicy Rice Noodle Soup",Japanese,ゆで牛肉、スパイシーフォー
Korean,"Blanched Beef, Spicy Rice Noodle Soup",Spanish,"Carne de res escalfada, fideos de arroz picantes"
Korean,"Boiled GalbiBeef Rib, Rice Noodle Soup",Chinese (Simplified),炖排骨、米线
Korean,"Boiled GalbiBeef Rib, Rice Noodle Soup",Chinese (Traditional),燉排骨、米線
Korean,"Boiled GalbiBeef Rib, Rice Noodle Soup",Japanese,カルビチム、フォー
Korean,"Boiled GalbiBeef Rib, Rice Noodle Soup",Spanish,"Galbijjim, fideos de arroz"
Korean,"Boiled down Soft Pig hock, Steamed Rice, Sweet Soy sauce",Chinese (Simplified),水煮猪蹄、米饭、甜酱油
Korean,"Boiled down Soft Pig hock, Steamed Rice, Sweet Soy sauce",Chinese (Traditional),軟糯豬蹄、米飯、甜醬油
Korean,"Boiled down Soft Pig hock, Steamed Rice, Sweet Soy sauce",Japanese,柔らかいゆで豚足、ご飯、甘口醤油
Korean,"Boiled down Soft Pig hock, Steamed Rice, Sweet Soy sauce",Spanish,"Jokbal hervidas suaves, arroz, salsa de soja dulce"
Korean,"CABV4.5, IBU27",Chinese (Simplified),Dark Ale（ABV4.5，IBU27）
Korean,"CABV4.5, IBU27",English,"Dark AleABV4.5, IBU27"
Korean,"CABV4.5, IBU27",Japanese,"Dark AleABV4.5, IBU27"
Korean,CGP. INFLUENCER STYLING,Japanese,CGP. インフルエンサースタイリング
Korean,CGP. INFLUENCER STYLING,Vietnamese,CGP. Phong cách của người ảnh hưởng
Korean,CGP. TECH SET UP,Vietnamese,CGP. Cài đặt công nghệ
Korean,CGP. TECH SET UP,Japanese,CGP. テックセットアップ
Korean,CHARCOAL,Vietnamese,than củi
Korean,CHARCOAL,Japanese,シャルコア
Korean,COLOR,Japanese,色
Korean,COLOR,Vietnamese,MÀU
Korean,COLOR / SIZE,Vietnamese,Màu sắc / Cỡ
Korean,COLOR / SIZE,Japanese,色 / サイズ
Korean,COLOR / SIZE,Japanese,色 / サイズ
Korean,COLOR / SIZE,Vietnamese,MÀU / Cỡ
Korean,COLOR/SIZE,Vietnamese,MÀU / Cỡ
Korean,COLOR/SIZE,Japanese,色 / サイズ
Korean,COLOR/SIZE,English,COLOR / SIZE
Korean,COTTON 54 POLY 46,Japanese,綿 54 ポリエステル 46
Korean,COTTON 54 POLY 46,Vietnamese,"Thành phần: Vải bông 54%, POLY 46%"
Korean,"COTTON 54%, POLY 46%",Japanese,"綿 54%, ポリエステル 46%"
Korean,"COTTON 58%, POLY 42%",Japanese,"混率：綿 58%, ポリエステル 42%"
Korean,"COTTON 58%, POLY 42%",Vietnamese,"Thành phần: Vải bông 58%, POLY 42%"
Korean,COTTON 70 POLY 30,Japanese,綿 70 ポリエステル 30
Korean,COTTON 70 POLY 30,Vietnamese,Vải bông 70 POLY 30
Korean,COTTON 75 POLY 25,Vietnamese,Vải bông 75 Polyester 25
Korean,CREAM/BALCK,English,CREAM / BLACK
Korean,CREAM/BALCK,Japanese,クリーム / ブラック
Korean,CREAM/BALCK,Vietnamese,MÀU KEM / ĐEN
Korean,"Chile , Chardonnay",Japanese,チリ、シャルドネ
Korean,Chinatown,Japanese,チャイナタウン
Korean,Chinatown,Spanish,Barrio Chino
Korean,"Cocktail, Wine, Baijiu, Tequila, Beer, Soft Drink",Spanish,"Cócteles, Vino, Baijiu, Tequila, Cerveza, Gaseosas"
Korean,"Cocktail, Wine, Baijiu, Tequila, Beer, Soft Drink",Chinese (Traditional),雞尾酒、葡萄酒、白酒、龍舌蘭酒、啤酒、碳酸飲料
Korean,"Cocktail, Wine, Baijiu, Tequila, Beer, Soft Drink",Chinese (Simplified),鸡尾酒、葡萄酒、白酒、龙舌兰酒、啤酒、碳酸饮料
Korean,"Cocktail, Wine, Baijiu, Tequila, Beer, Soft Drink",Japanese,カクテル、ワイン、白酒、テキーラ、ビール、ソフトドリンク
Korean,Coffee & Drink,Japanese,コーヒー＆飲み物
Korean,Coffee & Drink,Chinese (Simplified),咖啡 & 饮料
Korean,Coke,Chinese (Simplified),可乐
Korean,Coke,Chinese (Traditional),可樂
Korean,Coke,Japanese,コーラ
Korean,Coke,Spanish,Coca-cola
Korean,DRINK,Chinese (Simplified),饮料
Korean,DRINK,Chinese (Traditional),飲料
Korean,DRINK,Japanese,ドリンク
Korean,DRINK,Spanish,Bebidas
Korean,"Dimsum, Vegetable, Seafood, Meat, Noodle & Rice, Side",Chinese (Traditional),點心、蔬菜、海鮮、肉類、  麵條&米飯、配菜
Korean,"Dimsum, Vegetable, Seafood, Meat, Noodle & Rice, Side",Chinese (Simplified),点心、蔬菜、海鲜、肉类、面条和米饭、配菜
Korean,"Dimsum, Vegetable, Seafood, Meat, Noodle & Rice, Side",Japanese,点心、野菜、海産物、肉、  麺&ご飯、サイドディッシュ
Korean,"Dimsum, Vegetable, Seafood, Meat, Noodle & Rice, Side",Spanish,"Dim sum, Vegetales, Mariscos, Carnes,  Fideos y Arroz, Guarnición"
Korean,Drinks,Japanese,ドリンク
Korean,El,Arabic,شاي
Korean,El,Chinese (Simplified),茶
Korean,El,Russian,Чай
Korean,FABRIC,Japanese,生地
Korean,FABRIC,Vietnamese,Vải
Korean,FABRIC VIEW,Vietnamese,Xem vải
Korean,FABRIC VIEW,Japanese,生地ビュー
Korean,FIND YOUR SELFIE,Japanese,自撮りを見つける
Korean,FREE,Japanese,フリー
Korean,Fabric View,Japanese,生地ビュー
Korean,Fabric View,Vietnamese,Xem vải
Korean,Fashion fruit juice,English,Passion Fruit Juice
Korean,Fashion fruit juice,Chinese (Simplified),百香果汁
Korean,Fashion fruit juice,Chinese (Traditional),百香果汁
Korean,Fashion fruit juice,Japanese,パッションフルーツ ジュース
Korean,Fashion fruit juice,Spanish,Jugo de maracuyá
Korean,"France , Chardonnay",Japanese,フランス、シャルドネ
Korean,"France , Chardonnay",Chinese (Traditional),"法國 , 霞多麗"
Korean,"France , Chardonnay",Chinese (Simplified),"法国 , 霞多丽"
Korean,"France , Chenin Blanc",Japanese,"フランス ,シュナン・ブラン"
Korean,"France , Chenin Blanc",Chinese (Simplified),"法国,白诗南"
Korean,"France , Grenache",Chinese (Simplified),"法国 , 格勒纳赫"
Korean,"France , Grenache",Chinese (Traditional),"法國 , 格勒納赫"
Korean,"France , Grenache",Japanese,フランス、グレナッシュ
Korean,"France , Pinot noir",Chinese (Traditional),"法國 , 黑皮諾"
Korean,"France , Pinot noir",Chinese (Simplified),"法国 , 黑皮诺"
Korean,"France , Pinot noir",Japanese,フランス、ピノノワール
Korean,"France , Pinot noir",Arabic,فرنسا، بينوت نوار
Korean,"France , Sauvignon Blane",English,"France , Sauvignon Blanc"
Korean,"France , Sauvignon Blane",Japanese,フランス、ソーヴィニョン·ブラン
Korean,"France , Sauvignon Blane",Chinese (Simplified),"法国,索维尼翁·布朗克"
Korean,"France , Sauvignon Blane",Chinese (Traditional),"法國 , 索維尼翁·布朗克"
Korean,"France , Sauvignon Blane",Spanish,"Francia , Sauvignon Blanc"
Korean,"France , Sauvignon Blane",French,"France, Sauvignon Blanc"
Korean,"France , Sauvignon Blane",Arabic,فرنسا، سوفينيون بلانك
Korean,"France , Syrah Grenache",Japanese,フランス、シラ·グレナッシュ
Korean,Fresh Cucumber Salad,Chinese (Simplified),鲜黄瓜沙拉
Korean,Fresh Cucumber Salad,Chinese (Traditional),鮮黃瓜沙拉
Korean,Fresh Cucumber Salad,Japanese,生キュウリサラダ
Korean,Fresh Cucumber Salad,Spanish,Ensalada De Pepino Crudo
Korean,"Fried Noodle, Seafood, Vegetable, Spicy sauce",Chinese (Simplified),炒面、海鲜、蔬菜、辣酱
Korean,"Fried Noodle, Seafood, Vegetable, Spicy sauce",Chinese (Traditional),炒麵、海鮮、蔬菜、辣醬
Korean,"Fried Noodle, Seafood, Vegetable, Spicy sauce",Japanese,炒め麺、海鮮、野菜、辛いソース
Korean,"Fried Noodle, Seafood, Vegetable, Spicy sauce",Spanish,"Fideos salteados, mariscos, verduras, salsa picante"
Korean,Fried Seafood Netted Spring Roll,Chinese (Simplified),炸海鲜网春卷
Korean,Fried Seafood Netted Spring Roll,Chinese (Traditional),炸海鮮米紙春捲
Korean,Fried Seafood Netted Spring Roll,Japanese,揚げたて海鮮網春巻き
Korean,Fried Seafood Netted Spring Roll,Spanish,Rollitos de primavera de red de mariscos fritos
Korean,"Fried noodle, Pork ""bulgogi"", Morning glory, Sweet Soy sauce",Japanese,炒め麺、豚肉プルコギ、空芯菜、甘口醤油
Korean,"Fried noodle, Pork ""bulgogi"", Morning glory, Sweet Soy sauce",Chinese (Traditional),炒麵、烤豬肉、空心菜、甜醬油
Korean,"Fried noodle, Pork ""bulgogi"", Morning glory, Sweet Soy sauce",Chinese (Simplified),炒面、烤猪肉、空心菜、甜酱油
Korean,"Fried noodle, Pork ""bulgogi"", Morning glory, Sweet Soy sauce",Spanish,"Fideos salteados, bulgogi de cerdo, kangkong, salsa de soja dulce"
Korean,GREEN/NAVY / BLACK WHITE/ M.GRAY/CREAM / BURGUNDY,Japanese,グリーン/ネイビー/ブラックホワイト/メランジグレー/クリーム/バーガンディ
Korean,GREEN/NAVY / BLACK WHITE/ M.GRAY/CREAM / BURGUNDY,English,GREEN/NAVY / BLACKWHITE / M.GRAY / CREAM / BURGUNDY
Korean,GREEN/NAVY / BLACK WHITE/ M.GRAY/CREAM / BURGUNDY,Vietnamese,XANH / DƯƠNG / ĐENTRẮNG / XÁM NHẠT / KEM / ĐỎ RƯỢU
Korean,"Germany , Riesling",Japanese,ドイツ、リースリング
Korean,"Greece , Cabernet Sauvignon",Japanese,ギリシャ、カベルネ·ソーヴィニョン
Korean,"Greece, Malagousia",Japanese,ギリシャ、マラゴシア
Korean,HAND WASH,Japanese,手洗い
Korean,HAND WASH,Vietnamese,Giặt tay
Korean,"HOABV4.5, IBU15",Chinese (Simplified),Weizen（ABV4.5，IBU15）
Korean,"HOABV4.5, IBU15",English,"WeizenABV4.5, IBU15"
Korean,"HOABV4.5, IBU15",Japanese,"WeizenABV4.5, IBU15"
Korean,Hanoi,Chinese (Simplified),河内
Korean,Hanoi,Chinese (Traditional),河內
Korean,Hanoi,Japanese,ハノイ
Korean,INDI PINK,Japanese,インディーピンク
Korean,INFO,Japanese,情報
Korean,Iime,Arabic,الجير
Korean,Iime,Chinese (Simplified),石灰
Korean,Iime,Chinese (Traditional),石灰
Korean,Iime,Japanese,石灰
Korean,Iime,Spanish,cal
Korean,Iime,French,chaux
Korean,"Italy , Garganega",Japanese,イタリア、ガルガネガ
Korean,"Italy , Sangiovese",Japanese,"イタリア , サンジョヴェーゼ"
Korean,"Italy , Sangiovese",Chinese (Simplified),"意大利,桑娇维塞"
Korean,"Italy , Sangiovese",Chinese (Traditional),"意大利,桑嬌維塞"
Korean,"Italy , glera",French,"Italie, glère"
Korean,"Italy , glera",Chinese (Traditional),"義大利, 葛萊拉"
Korean,"Italy , glera",Chinese (Simplified),"意大利,葛莱拉"
Korean,"Italy , glera",Japanese,"イタリア,グローリー"
Korean,KHAKI,Japanese,カーキ
Korean,KHAKI,Vietnamese,Màu xanh khaki
Korean,Korean Style Cold Noodle,Chinese (Simplified),韩国冷面
Korean,Korean Style Cold Noodle,Chinese (Traditional),韓國冷面
Korean,Korean Style Cold Noodle,Japanese,韓国冷麺
Korean,Korean Style Cold Noodle,Spanish,Fideos Fríos Coreanos
Korean,LARGE SIZE = REGULAR SIZE +0.5,Japanese,大きいサイズ = 通常サイズ +0.5
Korean,Lime milk,Chinese (Simplified),青柠牛奶
Korean,Lime milk,Chinese (Traditional),青檸牛奶
Korean,Lime milk,Japanese,ライムミルク
Korean,Lime milk,Spanish,Leche de lima
Korean,M&M,Arabic,شوكولاتة إم آند إمز
Korean,M&M,Russian,М&М
Korean,M&M,Chinese (Traditional),美美巧克力
Korean,M.GRAY,Vietnamese,Xám Melange
Korean,M.GRAY,Japanese,メランジグレー
Korean,M.GRAY/S.BLUE / NAVY / BALCK,Vietnamese,Xám Melange / Xanh dương nhạt / Xanh đậm / Đen
Korean,M.GRAY/S.BLUE / NAVY / BALCK,Japanese,メランジグレー / スカイブルー / ネイビー / ブラック
Korean,M.GRAY/S.BLUE / NAVY / BALCK,English,M.GRAY / S.BLUE / NAVY / BLACK
Korean,M: 187CM/L SIZE,Vietnamese,M: 187CM / Cỡ L
Korean,M: 187CM/L SIZE,Japanese,M: 187CM / L サイズ
Korean,M: 187CM/L SIZE,English,M: 187CM / L SIZE
Korean,MENU,Chinese (Simplified),菜单
Korean,MENU,Chinese (Traditional),菜單
Korean,MENU,Japanese,メニュー
Korean,MENU,Spanish,Menú
Korean,MENU,English,Menu
Korean,MINT BEIGE/INDI PINK/CHARCOAL/BLACK,Japanese,ミントベージュ/インディピンク/チャコール/ブラック
Korean,MODEL SIZE,English,Model Size
Korean,Mexico City,Japanese,メキシコシティ
Korean,"Mixed Rice Noodle, Vegetable, Stire-fried Pork, Peanut sauce",English,"Mixed Rice Noodle, Vegetable, Stir-fried Pork, Peanut sauce"
Korean,"Mixed Rice Noodle, Vegetable, Stire-fried Pork, Peanut sauce",Chinese (Simplified),拌米线、蔬菜、猪肉、花生酱
Korean,"Mixed Rice Noodle, Vegetable, Stire-fried Pork, Peanut sauce",Chinese (Traditional),拌米線、蔬菜、炒豬肉、花生醬
Korean,"Mixed Rice Noodle, Vegetable, Stire-fried Pork, Peanut sauce",Japanese,ミックスフォー、野菜、豚肉炒め、ピーナッツソース
Korean,"Mixed Rice Noodle, Vegetable, Stire-fried Pork, Peanut sauce",Spanish,"Fideos mixtos de arroz, verduras, cerdo salteado, salsa de maní"
Korean,NAVY,Japanese,ネイビー
Korean,NAVY,Vietnamese,Xanh đậm
Korean,New Color,Japanese,新色
Korean,"New Zealand, Sauvignon Blanc",Chinese (Simplified),"新西兰, 白苏维翁"
Korean,"New Zealand, Sauvignon Blanc",Chinese (Traditional),"新西蘭, 白蘇維翁"
Korean,"New Zealand, Sauvignon Blanc",Japanese,ニュージーランド、ソーヴィニョン·ブラン
Korean,"Newzealand , Sauvignon Blanc",Chinese (Simplified),"新西兰, 白苏维翁"
Korean,"Newzealand , Sauvignon Blanc",Chinese (Traditional),"新西蘭, 白蘇維翁"
Korean,No. 1 Korean BBQ,Thai,หมูย่างเกาหลีอันดับ 1
Korean,No. 1 Korean BBQ,Russian,№1 Корейское барбекю
Korean,No. 1 Korean BBQ,Vietnamese,No.1 Korean BBQ
Korean,No. 1 Korean BBQ,English,No.1 Korean BBQ
Korean,No. 1 Korean BBQ,Chinese (Simplified),第一 式 肉韩
Korean,No. 1 Korean BBQ,Chinese (Traditional),第一韓式烤肉
Korean,No. 1 Korean BBQ,Indonesian,No.1 Korean BBQ
Korean,No. 1 Korean BBQ,Japanese,No.1 Korean BBQ
Korean,No.1 Korean BBQ,Russian,№1 Корейское барбекю
Korean,No.1 Korean BBQ,Thai,หมูย่างเกาหลีอันดับ 1
Korean,No.1 Korean BBQ,English,No. 1 Korean BBQ
Korean,No.1 Korean BBQ,Vietnamese,No. 1 Korean BBQ
Korean,No.1 Korean BBQ,Indonesian,No. 1 Korean BBQ
Korean,No.1 Korean BBQ,Japanese,No. 1 Korean BBQ
Korean,No.1 Korean BBQ,Chinese (Simplified),第一韩式烤肉
Korean,No.1 Korean BBQ,Chinese (Traditional),明伦进士排骨
Korean,OR,Vietnamese,Hoặc
Korean,OR,Japanese,または
Korean,OZ POLY 100% / HOODIE - NYLON 100%,English,Lining: POLY 100% / HOODIE - NYLON 100%
Korean,OZ POLY 100% / HOODIE - NYLON 100%,Japanese,裏地 POLY 100% / フーディー - ナイロン100％
Korean,OZ POLY 100% / HOODIE - NYLON 100%,Vietnamese,Lớp lót POLY 100% / ÁO KHOÁC - NHILON 100%
Korean,POINT 01,Japanese,ポイント 01
Korean,POINT 02,Japanese,ポイント 02
Korean,POINT 03,Japanese,ポイント 03
Korean,POLY 100%,Vietnamese,Thành phần: POLY 100%
Korean,POLY 100%,Japanese,混用率: ポリエステル 100%
Korean,POLY 100%,English,Composition: POLY 100%
Korean,RICE NOODLE,Chinese (Simplified),米线
Korean,RICE NOODLE,Chinese (Traditional),米線
Korean,RICE NOODLE,Japanese,フォー
Korean,RICE NOODLE,Spanish,Fideos de arroz
Korean,S.BLUE,Japanese,スカイブルー
Korean,S.BLUE,Vietnamese,Xanh dương nhạt
Korean,S/M/L,English,S / M / L
Korean,S/M/L,Japanese,S / M / L
Korean,S/M/L,Vietnamese,S / M / L
Korean,SET UP,Vietnamese,Cài đặt
Korean,SET UP,Japanese,セットアップ
Korean,SETUP,Vietnamese,Cài đặt
Korean,SETUP,Japanese,セットアップ
Korean,SIDE DISH,Chinese (Simplified),配菜
Korean,SIDE DISH,Chinese (Traditional),配菜
Korean,SIDE DISH,Japanese,サイドディッシュ
Korean,SIDE DISH,Spanish,Guarnición
Korean,SIZE,Vietnamese,CỠ
Korean,SIZE,Japanese,サイズ
Korean,SODA,Chinese (Simplified),软饮料
Korean,SODA,Chinese (Traditional),碳酸飲料
Korean,SODA,Japanese,ソフトドリンク
Korean,SODA,Spanish,Gaseosas
Korean,STIR-FRIED AND COOKED,Japanese,炒め物料理
Korean,STIR-FRIED AND COOKED,Chinese (Simplified),炒菜
Korean,STIR-FRIED AND COOKED,Chinese (Traditional),炒菜
Korean,STIR-FRIED AND COOKED,Spanish,Salteado
Korean,Saigon,Japanese,サイゴン
Korean,Saigon,Chinese (Simplified),西贡啤酒
Korean,Saigon,Chinese (Traditional),西貢
Korean,Saigon,Spanish,Saigón
Korean,Signature,Malay,Hidangan Istimewa
Korean,Signature,Japanese,シグネチャ
Korean,Signature,Indonesian,Signiture
Korean,Signature,Chinese (Traditional),精選
Korean,Signature,Chinese (Simplified),精选
Korean,Size L / 178cm,Vietnamese,Cỡ L / 178cm
Korean,Size L / 183cm,Vietnamese,Cỡ L / 183cm
Korean,Size L / 185cm,Vietnamese,Cỡ L / 185cm
Korean,Size L / 188cm,Japanese,サイズ L  / 188cm
Korean,Size L / 188cm,Vietnamese,Cỡ L / 188cm
Korean,Size L /188cm,Vietnamese,Size L / 188cm
Korean,Size L /188cm,Japanese,サイズ L / 188cm
Korean,Size L /188cm,English,Size L / 188cm
Korean,Size L 188cm,Vietnamese,Cỡ L / 188cm
Korean,Size L 188cm,English,Size L / 188cm
Korean,Size L 188cm,Japanese,サイズ L / 188cm
Korean,Size L/ 188cm,English,Size L / 188cm
Korean,Size L/ 188cm,Japanese,サイズ L / 188cm
Korean,Size L/ 188cm,Vietnamese,Size L / 188cm
Korean,Size M / 167cm,Vietnamese,Cỡ M / 167cm
Korean,Size M / 170cm,Vietnamese,Cỡ M / 170cm
Korean,Size M / 170cm,Japanese,サイズ M / 170cm
Korean,Size M /167cm,Vietnamese,Cỡ M / 167cm
Korean,Size M /170cm,Vietnamese,Cỡ M / 170cm
Korean,Size M 167cm,Japanese,サイズ M / 167cm
Korean,Size M 167cm,Vietnamese,Cỡ M / 167cm
Korean,Size M 167cm,English,Size M / 167cm
Korean,Size M 170cm,Vietnamese,Cỡ M / 170cm
Korean,Size M 170cm,English,Size M / 170cm
Korean,Size M 170cm,Japanese,サイズ M / 170cm
Korean,Size M/ 167cm,Vietnamese,Cỡ M / 167cm
Korean,Size M/167cm,Vietnamese,Size M / 167cm
Korean,Size M/167cm,Japanese,サイズ M / 167cm
Korean,Size M/167cm,English,Size M / 167cm
Korean,"Spain , Garnacha",Japanese,スペイン、ガルナチャ
Korean,"Spain , Macabeo",Chinese (Simplified),"西班牙 , 马卡贝奥"
Korean,"Spain , Macabeo",Japanese,スペイン、マカベオ
Korean,"Spain , Monastrell",Japanese,スペイン、モナストレル
Korean,"Spain , Tempranillo",Japanese,"スペイン , テンプラニーロ"
Korean,"Spain , Tempranillo",Chinese (Traditional),"西班牙 , 坦普拉尼略"
Korean,"Spain , Tempranillo",Chinese (Simplified),"西班牙 , 坦普拉尼略"
Korean,"Spain , Verdojo",Japanese,スペイン、ベルド号
Korean,"Spain , Xarello",Chinese (Traditional),西班牙，薩雷洛
Korean,"Spain , Xarello",Chinese (Simplified),西班牙，萨雷洛
Korean,Special Set,Chinese (Traditional),特色套餐
Korean,Special Set,English,Special Combo
Korean,Spicy Tomato & Coriander Salade,English,Spicy Tomato & Coriander Salad
Korean,Spicy Tomato & Coriander Salade,Chinese (Simplified),辣番茄和香菜沙拉
Korean,Spicy Tomato & Coriander Salade,Chinese (Traditional),辣番茄香菜沙拉
Korean,Spicy Tomato & Coriander Salade,Japanese,ピリ辛トマトとパクチーサラダ
Korean,Spicy Tomato & Coriander Salade,Spanish,Ensalada Picante De Tomate Y Cilantro
Korean,Sprite,Chinese (Simplified),雪碧
Korean,Sprite,Chinese (Traditional),雪碧
Korean,Sprite,Japanese,スプライト
Korean,"Stire-fried Morning glory, Shellfish, Fermented Soy sauce",English,"Stir-fried Morning glory, Shellfish, Fermented Soy sauce"
Korean,"Stire-fried Morning glory, Shellfish, Fermented Soy sauce",Chinese (Simplified),炒空心菜、蛤蜊、发酵酱油
Korean,"Stire-fried Morning glory, Shellfish, Fermented Soy sauce",Chinese (Traditional),炒空心菜、蛤蜊、發酵醬油
Korean,"Stire-fried Morning glory, Shellfish, Fermented Soy sauce",Japanese,空芯菜炒め、貝、発酵醤油
Korean,"Stire-fried Morning glory, Shellfish, Fermented Soy sauce",Spanish,"Kangkong salteados, almejas, salsa de soja fermentada"
Korean,"Stire-fried Pork, Steamed Rice, Sweet Soy sauce",English,"Stir-fried Pork, Steamed Rice, Sweet Soy sauce"
Korean,"Stire-fried Pork, Steamed Rice, Sweet Soy sauce",Chinese (Simplified),炒猪肉、米饭、甜酱油
Korean,"Stire-fried Pork, Steamed Rice, Sweet Soy sauce",Chinese (Traditional),炒豬肉、米飯、甜醬油
Korean,"Stire-fried Pork, Steamed Rice, Sweet Soy sauce",Japanese,豚肉炒め、ご飯、甘口醤油
Korean,"Stire-fried Pork, Steamed Rice, Sweet Soy sauce",Spanish,"Cerdo salteado, arroz, salsa de soja dulce"
Korean,"Stire-fried seafood,Steamed Rice,Soy sauce",English,"Stir-fried seafood,Steamed Rice,Soy sauce"
Korean,"Stire-fried seafood,Steamed Rice,Soy sauce",Chinese (Simplified),炒海鲜、米饭、酱油
Korean,"Stire-fried seafood,Steamed Rice,Soy sauce",Chinese (Traditional),炒海鮮、米飯、醬油
Korean,"Stire-fried seafood,Steamed Rice,Soy sauce",Japanese,海鮮炒め、ご飯、醤油
Korean,"Stire-fried seafood,Steamed Rice,Soy sauce",Spanish,"Mariscos salteados, arroz, salsa de soja"
Korean,Strawberry,French,fraise
Korean,Strawberry,Japanese,イチゴ
Korean,Strawberry,Chinese (Simplified),草莓
Korean,T-BONE 500g / L-BONE 500g,Chinese (Simplified),丁骨500克/L型骨500克
Korean,"Taco, Quesadilla, Salada, Burrito, Single Dish, Side, Salsa",Chinese (Simplified),墨西哥卷饼、墨西哥夹饼、沙拉、墨西哥馅饼、单品、配菜、酱汁
Korean,"Taco, Quesadilla, Salada, Burrito, Single Dish, Side, Salsa",Chinese (Traditional),墨西哥玉米卷餅、墨西哥薄餅、沙拉、墨西哥卷餅、單品菜、配菜、醬汁
Korean,"Taco, Quesadilla, Salada, Burrito, Single Dish, Side, Salsa",Japanese,タコス、ケサディア、サラダ、ブリトー、シングルディッシュ、サイドディッシュ、ソース
Korean,"Taco, Quesadilla, Salada, Burrito, Single Dish, Side, Salsa",Spanish,"Tacos, quesadillas, ensaladas, burritos, platos individuales, guarniciones, salsas"
Korean,Tiger,Chinese (Simplified),老虎
Korean,Tiger,Chinese (Traditional),虎牌
Korean,Tiger,Japanese,タイガービール
Korean,URBAN COFFEE,Japanese,アーバンコーヒー
Korean,"USA , Chardonnay",Japanese,米国、シャルドネ
Korean,Vietnamese-style BBQ Sausage,Chinese (Simplified),越南BBQ香肠
Korean,Vietnamese-style BBQ Sausage,Chinese (Traditional),越式烤香腸
Korean,Vietnamese-style BBQ Sausage,Japanese,ベトナム風BBQソーセージ
Korean,Vietnamese-style BBQ Sausage,Spanish,Salchichas barbacoa vietnamita
Korean,W: 169CM / M SIZE,Vietnamese,W: 169CM / Cỡ M
Korean,WASHING TIPS,Japanese,洗濯のコツ
Korean,WASHING TIPS,Vietnamese,Mẹo giặt
Korean,WHITE / BLACK,Japanese,ホワイト / ブラック
Korean,WHITE / BLACK,Vietnamese,Trắng / Đen
Korean,Watermelon juice,Chinese (Simplified),西瓜汁
Korean,Watermelon juice,Chinese (Traditional),西瓜汁
Korean,Watermelon juice,Japanese,スイカジュース
Korean,Watermelon juice,Spanish,Jugo de sandía
Korean,Wine List,Chinese (Simplified),葡萄酒菜单
Korean,Wine List,Chinese (Traditional),葡萄酒菜單
Korean,Wine List,Japanese,ワインリスト
Korean,Zero coke,Chinese (Simplified),零度可乐
Korean,Zero coke,Chinese (Traditional),零度可樂
Korean,Zero coke,Japanese,ゼロコーラ
Korean,Zero coke,Spanish,Coca-cola cero
Korean,COOL COTTONCGP ARCH LOGO T-SHIRT,Vietnamese,Cotton MátÁo Thun Logo Cổ Điển CGP
Korean,COOL COTTONCGP ARCH LOGO T-SHIRT,Japanese,クールコットンCGP アーチロゴTシャツ
Korean,COOL COTTONCGP SMALL LOGO 2PACK T-SHIRT,Japanese,COOL COTTONCGP スモールロゴ2パックTシャツ
Korean,COOL COTTONCGP SMALL LOGO 2PACK T-SHIRT,Vietnamese,COOL COTTONCGP Áo thun 2pack có logo nhỏ
Korean,TOPUNISEX MAN -,Vietnamese,Áo đầu trangNam không phân biệt giới tính - Áo Nam Unisex
Korean,TOPUNISEX MAN -,Japanese,トップユニセックス男性 - 男性トップス
Korean,TOPUNISEX MAN -,English,TOPUNISEX MAN - Men's Top
Korean,TOPUNISEX MAN - LO,Japanese,トップユニセックス男性 - 男性トップス
Korean,TOPUNISEX MAN - LO,English,TOPUNISEX MAN - Men's Top
Korean,TOPUNISEX MAN - LO,Vietnamese,Áo đầu trangNam không phân biệt giới tính - Áo Nam Unisex
Korean,TOPUNISEX WOMAN-0,English,TOPUNISEX WOMAN - Women's Top
Korean,TOPUNISEX WOMAN-0,Japanese,トップユニセックス女性 - 女性トップス
Korean,TOPUNISEX WOMAN-0,Vietnamese,Áo đầu trangNữ không phân biệt giới tính - Áo Nữ Unisex
Korean,acacia,Japanese,アカシア
Korean,acacia,Chinese (Simplified),相思树
Korean,acacia,Chinese (Traditional),相思樹
Korean,almond,Japanese,アーモンド
Korean,apple,Chinese (Simplified),苹果
Korean,apple,Japanese,林檎
Korean,apricot,Japanese,アプリコット
Korean,apricot,Chinese (Simplified),杏
Korean,apricot,Spanish,albaricoc
Korean,big bubble,Japanese,大きな泡
Korean,blackberry,Japanese,ブラックベリー
Korean,blackberry,French,Blackberry
Korean,blackberry,Chinese (Traditional),黑莓屬
Korean,blackberry,Chinese (Simplified),黑莓属
Korean,blackberry,Spanish,mora
Korean,blackcurrant,Japanese,ブラックカレント
Korean,brioche,Japanese,ブリオッシュ
Korean,brioche,Chinese (Traditional),布里奧什
Korean,butter,Japanese,バター
Korean,cassis,Japanese,カシス
Korean,cherry,Chinese (Traditional),櫻桃紅
Korean,cherry,Chinese (Simplified),樱桃红
Korean,cherry,Japanese,サクランボ
Korean,citrus,Japanese,柑橘類
Korean,citrus,Chinese (Simplified),柑橘
Korean,citrus,Spanish,cítricos
Korean,citrus,Chinese (Traditional),柑橘屬
Korean,dairy,Japanese,乳製品
Korean,dairy,Chinese (Simplified),奶制品
Korean,dairy,Arabic,الألبان
Korean,dry rose,Japanese,ドライローズ
Korean,dry rose,Chinese (Traditional),幹玫瑰
Korean,earth,Chinese (Simplified),大地
Korean,earth,Chinese (Traditional),大地
Korean,earth,Japanese,土
Korean,grapefruit,Japanese,グレープフルーツ
Korean,grapefruit,Chinese (Traditional),葡萄柚
Korean,grapefruit,Chinese (Simplified),葡萄柚
Korean,grapefruit,Arabic,الجريب فروت
Korean,grass,Spanish,hierba
Korean,grass,Japanese,草
Korean,grass,Chinese (Simplified),草
Korean,green apple,Japanese,青リンゴ
Korean,hazelnut,Japanese,ヘーゼルナッツ
Korean,hazelnuts,Japanese,ヘーゼルナッツ
Korean,herb,Chinese (Traditional),藥草
Korean,herb,Chinese (Simplified),药草
Korean,herb,Japanese,ハーブ
Korean,honey,Arabic,عسل
Korean,honey,French,miel
Korean,honey,Spanish,miel
Korean,honey,Chinese (Traditional),蜂蜜
Korean,honey,Chinese (Simplified),蜂蜜
Korean,honey,Japanese,蜜
Korean,kiwi,Japanese,キウイ
Korean,kiwi,Chinese (Traditional),獼猴桃
Korean,kiwi,Arabic,الكيوي
Korean,laida laz E,English,Cream Makgeolli
Korean,leather,Japanese,革
Korean,leather,Chinese (Simplified),皮革
Korean,lemon,Chinese (Simplified),柠檬
Korean,lemon,Japanese,レモン
Korean,lime,Japanese,ライム
Korean,lime,French,Lime
Korean,lime,Chinese (Traditional),羅琳
Korean,lime,Chinese (Simplified),酸橙
Korean,lime,Spanish,lima
Korean,lychee,Japanese,ライチ
Korean,mango,Japanese,マンゴー
Korean,melon,Japanese,メロン
Korean,melon,Chinese (Traditional),甜瓜
Korean,melon,Chinese (Simplified),甜瓜
Korean,mineral,Japanese,ミネラル
Korean,mushroom,Chinese (Traditional),蘑菇
Korean,mushroom,Japanese,キノコ
Korean,oak,Japanese,オーク
Korean,oak,Chinese (Traditional),橡樹
Korean,orange,Chinese (Simplified),橙色
Korean,orange,Chinese (Traditional),橙色
Korean,orange,Japanese,オレンジ色
Korean,oz: POLY 100%,Japanese,裏地: ポリエステル 100%
Korean,oz: POLY 100%,Vietnamese,Lớp lót: POLY 100%
Korean,oz: POLY 100%,English,Lining: POLY 100%
Korean,passion fruit,Chinese (Simplified),西番莲果
Korean,passion fruit,Chinese (Traditional),西番蓮果
Korean,passion fruit,Japanese,パッションフルーツ
Korean,passionfrut,Spanish,pasionfrut
Korean,passionfrut,French,Fruit de la passion
Korean,passionfrut,Chinese (Traditional),西番蓮果
Korean,passionfrut,Chinese (Simplified),西番莲果
Korean,peach,Chinese (Simplified),桃
Korean,peach,Spanish,melocotón
Korean,peach,Japanese,桃
Korean,peach,Arabic,الخوخ
Korean,peach,Chinese (Traditional),桃子
Korean,pear,Japanese,ナシ
Korean,pear,Chinese (Simplified),梨
Korean,pear,Arabic,الكمثرى
Korean,pepper,Japanese,ペッパー
Korean,pepper,Chinese (Traditional),胡椒粉
Korean,pineapple,Japanese,パイナップル
Korean,pineapple,Chinese (Traditional),菠蘿
Korean,plum,Japanese,スモモ
Korean,plum,Chinese (Traditional),梅子
Korean,plum,Chinese (Simplified),梅子
Korean,plum,Arabic,البرقوق
Korean,popcorn,Japanese,ポップコーン
Korean,prune,Chinese (Simplified),修剪
Korean,prune,Japanese,プルーン
Korean,prune,Spanish,ciruela
Korean,raisin,Japanese,レーズン
Korean,raspberry,Chinese (Simplified),覆盆子属
Korean,raspberry,Chinese (Traditional),覆盆子屬
Korean,raspberry,Japanese,ラズベリー
Korean,rose water,Spanish,Agua rosa
Korean,rose water,Japanese,バラの水
Korean,rose water,French,Eau de rose
Korean,rosemary,Japanese,ローズマリー
Korean,savory,Chinese (Simplified),香喷喷
Korean,savory,Chinese (Traditional),香噴噴
Korean,savory,Japanese,風味のあるもの
Korean,set,Chinese (Simplified),套餐
Korean,stone,Japanese,石
Korean,strawberry,Chinese (Simplified),草莓味儿
Korean,strawberry,Chinese (Traditional),草莓味兒
Korean,strawberry,Japanese,イチゴ
Korean,toast,Japanese,トースト
Korean,toast,Chinese (Traditional),烤麪包片
Korean,tropical,Japanese,トロピカル
Korean,tropical,Chinese (Simplified),热带
Korean,vanilla,Japanese,バニラ
Korean,vanilla,Arabic,الفانيليا
Korean,violet,Japanese,スミレ
Korean,violet,Chinese (Simplified),紫罗兰
Korean,violet,Chinese (Traditional),紫羅蘭
Korean,watermelon,Japanese,スイカ
Korean,white flower,Japanese,白い花
Korean,white flower,Chinese (Simplified),白花
Korean,white flower,Chinese (Traditional),白花
Korean,white flower honey,Spanish,miel de flores blancas
Korean,white flower honey,Chinese (Simplified),白花蜜
Korean,white flower honey,Chinese (Traditional),白花蜜
Korean,white flower honey,Japanese,白花蜜
Korean,white flower honey,French,fleur blanche miel
Korean,woody,Chinese (Simplified),木质
Korean,woody,Chinese (Traditional),木質
Korean,woody,Japanese,木質
Korean,woody,Spanish,boscoso
Chinese (Traditional),6.5oz prime,English,6.5oz Prime
Chinese (Traditional),6.5oz prime,Japanese,6.5オンスプライムビーフ
Chinese (Traditional),6.5oz prime,Vietnamese,6.5oz Thịt bò Prime
Chinese (Traditional),Bar,Korean,바
Chinese (Traditional),MY,English,MYbrand or special item
Chinese (Simplified),20꼬치부터 주문 가능합니다,English,You must order more than 20 skewers.
Chinese (Simplified),K EE,English,Beef Skewers
Chinese (Simplified),SP,English,Recommended
Chinese (Simplified),골든블루,English,Golden Blue
Chinese (Simplified),꽃이 좋고 열매가 많다.,French,Ainsi prospérer avec fruits et parfums
Chinese (Simplified),꽃이 좋고 열매가 많다.,Vietnamese,Như vậy thịnh vượng với trái cây và hương thơm
Chinese (Simplified),꽃이 좋고 열매가 많다.,Arabic,فلنزدهر بالثمار والعبير
Chinese (Simplified),내를 이루어 바다에 이른다.,Arabic,هكذا يتحول إلى نهر هادئ، يُعانقُ البحر اللامتناهي
Chinese (Simplified),내를 이루어 바다에 이른다.,French,"Ainsi, il se transforme en un doux ruisseau qui se fond dans la mer sans fin"
Chinese (Simplified),내를 이루어 바다에 이른다.,English,"thus become a stream, and to the sea it reaches."
Chinese (Simplified),내를 이루어 바다에 이른다.,Vietnamese,"Như vậy, nó biến thành một dòng suối êm ái, hòa quyện cùng biển vô tận"
Chinese (Simplified),냉면,English,cold noodle
Chinese (Simplified),냉면,Korean,出知名品
Chinese (Simplified),뿌리 깊은 나무는 바람에 흔들리지 않으니,Arabic,شجرةٌ تضربُ بجذورها أعماق الأرض، لا رياحٌ تهزُّها
Chinese (Simplified),뿌리 깊은 나무는 바람에 흔들리지 않으니,Vietnamese,"Cây rễ sâu, gió không thể làm lay động nó"
Chinese (Simplified),뿌리 깊은 나무는 바람에 흔들리지 않으니,French,"Un arbre aux racines profondes, le vent ne peut le faire trembler"
Chinese (Simplified),샘이 깊은 물은 가뭄에 마르지 않으니,Arabic,ينبوع لا يُعَرَفُ قراره، لا الجفاف يمكنه كشف أسراره
Chinese (Simplified),샘이 깊은 물은 가뭄에 마르지 않으니,English,"An unfathomed spring, drought cannot reveal its bed"
Chinese (Simplified),샘이 깊은 물은 가뭄에 마르지 않으니,French,"Source profonde, la sécheresse ne peut en dévoiler le fond."
Chinese (Simplified),샘이 깊은 물은 가뭄에 마르지 않으니,Vietnamese,"Một suối không đo được, hạn hán không thể lộ diện đáy"
French,"◇ 생각하는, 고대로 쓰라 ◇ 정신을 쏘아 너어 지으라 ◇ 만히 닑고, 만히 지으라 ◇ 몇 번이던지 조케 고치라 ◇ 힘써 남의 비평을 바드라",Korean,"◇ 생각하는, 그대로 쓰라 ◇ 정신을 쏟아 넣어 지으라 ◇ 많이 읽고, 많이 지으라 ◇ 몇 번이든지 좋게 고치라 ◇ 힘써 남의 비평을 받으라"
French,"◇ 생각하는, 고대로 쓰라 ◇ 정신을 쏘아 너어 지으라 ◇ 만히 닑고, 만히 지으라 ◇ 몇 번이던지 조케 고치라 ◇ 힘써 남의 비평을 바드라",Arabic,◇ دوّن خواطرك ◇ بجوارحك كما هي ◇ اقرأ أكثر واكتب أكثر ◇ قم بمراجعة وتحرير النصوص بغض النظر عن المدة التي تستغرقها ◇ كن مهيّئًا لاستقبال انتقادات الآخرين بصدر رحب.
French,"◇ 생각하는, 고대로 쓰라 ◇ 정신을 쏘아 너어 지으라 ◇ 만히 닑고, 만히 지으라 ◇ 몇 번이던지 조케 고치라 ◇ 힘써 남의 비평을 바드라",Chinese (Simplified),◇ 直接写出想法 ◇ 专心地写 ◇ 多读多写 ◇ 认真修改润色 ◇ 尽力接受别人的批评
French,"◇ 생각하는, 고대로 쓰라 ◇ 정신을 쏘아 너어 지으라 ◇ 만히 닑고, 만히 지으라 ◇ 몇 번이던지 조케 고치라 ◇ 힘써 남의 비평을 바드라",English,◇ Write as you think ◇ With your spirit ◇ Read more and write more ◇ Review and edit no matter how long it takes ◇ Be willing to listen to other's criticism
French,"◇ 생각하는, 고대로 쓰라 ◇ 정신을 쏘아 너어 지으라 ◇ 만히 닑고, 만히 지으라 ◇ 몇 번이던지 조케 고치라 ◇ 힘써 남의 비평을 바드라",Indonesian,"◇ Tulis sesuai apa yang kamu pikirkan ◇ Tulis dengan sepenuh hati ◇ Banyak membaca, banyak menulis ◇ Koreksi sebanyak mungkin ◇ Kuatlah dalam menerima kritik dari orang lain"
French,"◇ 생각하는, 고대로 쓰라 ◇ 정신을 쏘아 너어 지으라 ◇ 만히 닑고, 만히 지으라 ◇ 몇 번이던지 조케 고치라 ◇ 힘써 남의 비평을 바드라",Japanese,◇思いついたそのままを書こう ◇精神を注ぎ込んで組み立てよう ◇たくさん読んで、たくさん書こう ◇何度でもよくなるように書き直そう ◇熱心に他人に批判を受け入れよう
French,"◇ 생각하는, 고대로 쓰라 ◇ 정신을 쏘아 너어 지으라 ◇ 만히 닑고, 만히 지으라 ◇ 몇 번이던지 조케 고치라 ◇ 힘써 남의 비평을 바드라",Spanish,◇ Escribir como piensas ◇ Con el espíritu ◇ Leer más y escribir más ◇ Revisar y editar sin importar cuánto tiempo lleve ◇ Estar dispuesto a escuchar la crítica del otro
French,『어린이』가 창간된 지 三年! 다행히 됴선 十萬의 동무를 엇어 일이 커지기에 니르럿고 전 됴선 四百여의 소년 단톄가 생기여 비로소 우리의 운동이 성하여지게 된지라 필요함을 알고 우리는 한층 절박의 힘을 모도와 이에 『어린이』 신문을 발행하기로 하엿슴니다,Korean,『어린이』가 창간된 지 3년! 다행히 조선 십만의 동무를 얻어 일이 커지기에 이르렀고 전 조선 사백여의 소년 단체가 생겨서 비로소 우리의 운동이 성하게 되어서 필요함을 알고 우리는 한층 절박한 힘을 모아 이에 『어린이』 신문을 발행하기로 하였습니다.
French,『어린이』가 창간된 지 三年! 다행히 됴선 十萬의 동무를 엇어 일이 커지기에 니르럿고 전 됴선 四百여의 소년 단톄가 생기여 비로소 우리의 운동이 성하여지게 된지라 필요함을 알고 우리는 한층 절박의 힘을 모도와 이에 『어린이』 신문을 발행하기로 하엿슴니다,Arabic,"مرت ثلاث سنوات منذ أن شرعنا في إصدلر «إيورينيأطفال» ! وبفضل دعم مئات الآلاف من المواطنين الأحرار في كوريا، ازدهرت الحركة، ونشأ ما يزيد عن أربعمائة منظمة شبابية جديدة. وإدراكًا لهذا الطلب المتزايد، فقد عقدنا العزم على مواصلة نشر صحيفة ""إيورينيالأطفال"" بحماسة وتفانٍ متجددين."
French,『어린이』가 창간된 지 三年! 다행히 됴선 十萬의 동무를 엇어 일이 커지기에 니르럿고 전 됴선 四百여의 소년 단톄가 생기여 비로소 우리의 운동이 성하여지게 된지라 필요함을 알고 우리는 한층 절박의 힘을 모도와 이에 『어린이』 신문을 발행하기로 하엿슴니다,Chinese (Simplified),《儿童》创刊3年！我们有幸得到了朝鲜十万同志的支持，规模也开始壮大，全朝鲜建立了四百多个少年团体，我们的运动取得了成功，这让我们知道了少年运动的必要性，因此我们决定团结更迫切的力量，刊发了《儿童》报。
French,『어린이』가 창간된 지 三年! 다행히 됴선 十萬의 동무를 엇어 일이 커지기에 니르럿고 전 됴선 四百여의 소년 단톄가 생기여 비로소 우리의 운동이 성하여지게 된지라 필요함을 알고 우리는 한층 절박의 힘을 모도와 이에 『어린이』 신문을 발행하기로 하엿슴니다,English,"3 years since ""EoriniChildren"" started its publication! Fortunately, with the support of a hundred thousand fellows in Korea, the movement became grand, along with more than four hundred new youth organizations. As a result, realizing the need, we have decided to publish the newspaper ""EoriniChildren"" by drawing up our passion from the bottom."
French,『어린이』가 창간된 지 三年! 다행히 됴선 十萬의 동무를 엇어 일이 커지기에 니르럿고 전 됴선 四百여의 소년 단톄가 생기여 비로소 우리의 운동이 성하여지게 된지라 필요함을 알고 우리는 한층 절박의 힘을 모도와 이에 『어린이』 신문을 발행하기로 하엿슴니다,Indonesian,"3 tahun sejak ""Anak-Anak"" pertama kali diterbitkan! Untungnya, setelah mendapat 100.000 rekan dari Joseon yang membuat segalanya menjadi lebih besar, lalu ketika sekitar 400 kelompok pemuda terbentuk di seluruh Joseon, kami menyadari perlunya gerakan kami berkembang, sehingga kami mengumpulkan lebih banyak kekuatan dalam keputusasaan dan memutuskan untuk menerbitkan surat kabar ""Anak-Anak""."
French,『어린이』가 창간된 지 三年! 다행히 됴선 十萬의 동무를 엇어 일이 커지기에 니르럿고 전 됴선 四百여의 소년 단톄가 생기여 비로소 우리의 운동이 성하여지게 된지라 필요함을 알고 우리는 한층 절박의 힘을 모도와 이에 『어린이』 신문을 발행하기로 하엿슴니다,Japanese,『こども』が創刊されて3年が経ちました！幸い、朝鮮10万人の同志を得て規模も拡大し、朝鮮全土に400余りの少年団体が結成され、ようやく私たちの運動が盛んになり、必要性を覚え、改めて切実に力を合わせて、『こども』新聞を発行することにしました。
French,『어린이』가 창간된 지 三年! 다행히 됴선 十萬의 동무를 엇어 일이 커지기에 니르럿고 전 됴선 四百여의 소년 단톄가 생기여 비로소 우리의 운동이 성하여지게 된지라 필요함을 알고 우리는 한층 절박의 힘을 모도와 이에 『어린이』 신문을 발행하기로 하엿슴니다,Spanish,"¡Hace tres años que empezó a publicarse «EoriniNiños»! Por suerte, con el apoyo de cien mil personas en Corea, el movimiento se agrandó, junto con más de cuatrocientas organizaciones juveniles nuevas. Como resultado, al darnos cuenta de la necesidad, decidimos publicar el periódico «EoriniNiños» y redactarlo con pasión."
French,世界 各國 兒童 作品,Arabic,أدب الأطفال في مختلف أنحاء العالم
French,世界 各國 兒童 作品,Korean,세계 각국 아동 작품
French,世界 各國 兒童 作品,Chinese (Simplified),世界各国儿童作品
French,世界 各國 兒童 作品,English,Children's Literatures around the World
French,世界 各國 兒童 作品,Indonesian,Karya Seni Anak-anak dari Seluruh Dunia
French,世界 各國 兒童 作品,Japanese,世界各国の児童作品
French,世界 各國 兒童 作品,Spanish,Literatura infantil en el mundo
French,世界에 그 類가 없는 朝鮮의 有名한 글,English,The Unique and Renowned Writing System of Korea
French,世界에 그 類가 없는 朝鮮의 有名한 글,Korean,세계에 그 유가 없는 조선의 유명한 글
French,世界에 그 類가 없는 朝鮮의 有名한 글,Arabic,الأبجدية الكورية المميزة والشهيرة
French,世界에 그 類가 없는 朝鮮의 有名한 글,Chinese (Simplified),世界唯一且著名的朝鲜文字
French,世界에 그 類가 없는 朝鮮의 有名한 글,Indonesian,Tulisan Terkenal dari Dinasti Joseon yang Tak Berjudul di Dunia
French,世界에 그 類가 없는 朝鮮의 有名한 글,Japanese,世界に類を見ない朝鮮の有名な文字
French,世界에 그 類가 없는 朝鮮의 有名한 글,Spanish,El sistema de escritura inigualable y renombrado de Chosun
French,五年 전의 五月 초하로! 몃백년 몃천년 눌려 업드려만 잇던 됴선의 어린이는 이날브터 고개를 들고 이날브터 외치기 시작하엿슴니다.,Korean,오년 전의 오월 초하루! 몇백 년 몇천 년 눌려 엎드려만 있던 조선의 어린이는 이날부터 고개를 들고 이날부터 외치기 시작하였습니다.
French,五年 전의 五月 초하로! 몃백년 몃천년 눌려 업드려만 잇던 됴선의 어린이는 이날브터 고개를 들고 이날브터 외치기 시작하엿슴니다.,Arabic,قد تم إسكات أطفالنا لآلاف السنين، ولكن منذ اليوم الأول من شهر مايو، قبل خمس سنوات مضت! انتفضوا وبدأوا في التعبير عن أنفسهم.
French,五年 전의 五月 초하로! 몃백년 몃천년 눌려 업드려만 잇던 됴선의 어린이는 이날브터 고개를 들고 이날브터 외치기 시작하엿슴니다.,Chinese (Simplified),五年前的五月初一！几百年、几千年里一直受打压的朝鲜儿童从这一天起站起来了，从这一天起，他们开始抬头呐喊。
French,五年 전의 五月 초하로! 몃백년 몃천년 눌려 업드려만 잇던 됴선의 어린이는 이날브터 고개를 들고 이날브터 외치기 시작하엿슴니다.,English,"On the first day of May, five years ago! Our children had laid low for hundreds and thousands of years, but from this day, they rose up and started to speak up."
French,五年 전의 五月 초하로! 몃백년 몃천년 눌려 업드려만 잇던 됴선의 어린이는 이날브터 고개를 들고 이날브터 외치기 시작하엿슴니다.,Indonesian,"Hari pertama di bulan Mei, 5 tahun yang lalu! Anak-anak Joseon, yang ditekan selama ratusan tahun dan ribuan tahun, mulai mengangkat kepala mereka dan berteriak mulai hari ini."
French,五年 전의 五月 초하로! 몃백년 몃천년 눌려 업드려만 잇던 됴선의 어린이는 이날브터 고개를 들고 이날브터 외치기 시작하엿슴니다.,Japanese,五年前の五月一日！数百年、数千年、押しつぶされ続けていた朝鮮のこどもたちは、この日から頭を上げ、この日から叫び始めました。
French,五年 전의 五月 초하로! 몃백년 몃천년 눌려 업드려만 잇던 됴선의 어린이는 이날브터 고개를 들고 이날브터 외치기 시작하엿슴니다.,Spanish,"¡En el primer día de mayo, hace cinco años! Nuestros niños habían pasado desapercibidos durante cientos y miles de años, pero desde este día, se levantaron y empezaron a hablar más fuerte."
French,作品과 作品을 通하야 다 각각 그 나라의 國民性이 잘 表現되엿다,Korean,작품과 작품을 통하여 다 각각 그 나라의 국민성이 잘 표현되었다.
French,作品과 作品을 通하야 다 각각 그 나라의 國民性이 잘 表現되엿다,Arabic,تتجلى الهوية الوطنية لكل بلد بشكل جيد من خلال الأعمال.
French,作品과 作品을 通하야 다 각각 그 나라의 國民性이 잘 表現되엿다,Chinese (Simplified),通过各种作品很好地表现了世界各国的国民性。
French,作品과 作品을 通하야 다 각각 그 나라의 國民性이 잘 表現되엿다,English,The national character of each country is well demonstrated through the works.
French,作品과 作品을 通하야 다 각각 그 나라의 國民性이 잘 表現되엿다,Indonesian,Kepribadian bangsa masing-masing negara diekspresikan dengan baik melalui karya masing-masing.
French,作品과 作品을 通하야 다 각각 그 나라의 國民性이 잘 表現되엿다,Japanese,それぞれの作品に、各国の国民性がよく表現されている。
French,作品과 作品을 通하야 다 각각 그 나라의 國民性이 잘 表現되엿다,Spanish,El carácter nacional de cada país queda demostrado a través de las obras.
French,展覽會에 各國 領事와 外國人 多數 參觀  개회한 이래로 전 조선 각 방면의 인긔人氣를 ᄭᅳ으른 이 세게뎍 뎐람회는 날이 갈사록 평판이 놉하서 경성에 잇는 로서와 령사관과 독일 령사관을 비롯하야 각국 사람들이 다수히 참관하야 실로 동양 텬지에서는 처음되리 만치 성황 우에 대성황을 이루엇슴니다,Korean,전람회에 각국 영사와 외국인 다수 참관. 개회한 이래로 전 조선 각 방면의 인기를 끈 이 세계적 전람회는 날이 갈수록 평판이 높아서 경성에 있는 독일 영사관을 비롯하여 각국 사람들이 다수 참관하여 실로 동양 천지에서는 처음되리만큼 성황 위에 대성황을 이루었습니다.
French,展覽會에 各國 領事와 外國人 多數 參觀  개회한 이래로 전 조선 각 방면의 인긔人氣를 ᄭᅳ으른 이 세게뎍 뎐람회는 날이 갈사록 평판이 놉하서 경성에 잇는 로서와 령사관과 독일 령사관을 비롯하야 각국 사람들이 다수히 참관하야 실로 동양 텬지에서는 처음되리 만치 성황 우에 대성황을 이루엇슴니다,Arabic,توافد العديد من الأجانب والقناصلة من كل بلد على المعرضِ الراقي. حيث أحدث هذا الحدثُ العالميُّ ضجةً كبرى منذُ افتتاحه، لافتًا اهتمام الجماهيرِ الواسعةِ من جميعِ أرجاءِ كوريا. مُحقّقا شعبية ونجاحًا كبيرين للمرةِ الأولى في آسيا، بزيارةِ عددٍ كبيرٍ من الأفرادِ، من جنسياتٍ وأعمارٍ مُختلفةٍ بما في ذلك الممثلُ القنصليُ الألمانيُّ.
French,展覽會에 各國 領事와 外國人 多數 參觀  개회한 이래로 전 조선 각 방면의 인긔人氣를 ᄭᅳ으른 이 세게뎍 뎐람회는 날이 갈사록 평판이 놉하서 경성에 잇는 로서와 령사관과 독일 령사관을 비롯하야 각국 사람들이 다수히 참관하야 실로 동양 텬지에서는 처음되리 만치 성황 우에 대성황을 이루엇슴니다,Chinese (Simplified),各国领事和众多外国人参观了展会。自开展以来，此次国际艺术展吸引了全朝鲜各方面的关注，随着展会时间推移，口碑也持续升高，京城的德国领事馆及各国人民纷纷观展，简直成了东方世界前所未有的大盛况。
French,展覽會에 各國 領事와 外國人 多數 參觀  개회한 이래로 전 조선 각 방면의 인긔人氣를 ᄭᅳ으른 이 세게뎍 뎐람회는 날이 갈사록 평판이 놉하서 경성에 잇는 로서와 령사관과 독일 령사관을 비롯하야 각국 사람들이 다수히 참관하야 실로 동양 텬지에서는 처음되리 만치 성황 우에 대성황을 이루엇슴니다,English,"Consuls from each country and many foreigners visited the Exhibition. The Global Exhibition, which has attracted public interest from all around Korea since its start, has gained more popularity and become a great success for the first time in Asia with people from many countries including the Consular representative of Germany visiting."
French,展覽會에 各國 領事와 外國人 多數 參觀  개회한 이래로 전 조선 각 방면의 인긔人氣를 ᄭᅳ으른 이 세게뎍 뎐람회는 날이 갈사록 평판이 놉하서 경성에 잇는 로서와 령사관과 독일 령사관을 비롯하야 각국 사람들이 다수히 참관하야 실로 동양 텬지에서는 처음되리 만치 성황 우에 대성황을 이루엇슴니다,Indonesian,"Banyak konsul dan orang asing mengamati pameran tersebut. Sejak dibuka, pameran kelas dunia yang mempopulerkan semua aspek Joseon ini semakin mendapatkan reputasi. Banyak orang dari seluruh dunia, termasuk konsulat Jerman di Gyeongseong turut hadir sehingga mencapai kesuksesan besar di atas kemakmuran untuk pertama kalinya di Timur."
French,展覽會에 各國 領事와 外國人 多數 參觀  개회한 이래로 전 조선 각 방면의 인긔人氣를 ᄭᅳ으른 이 세게뎍 뎐람회는 날이 갈사록 평판이 놉하서 경성에 잇는 로서와 령사관과 독일 령사관을 비롯하야 각국 사람들이 다수히 참관하야 실로 동양 텬지에서는 처음되리 만치 성황 우에 대성황을 이루엇슴니다,Japanese,展覧会では各国の領事や外国人が多数参観。開会以来、朝鮮全土の各方面から人気を集めたこの世界的な展覧会は、日を追うごとに評判が高まり、京城にあるドイツ領事館をはじめ、各国の人々が多数参観し、実に東洋天地では初めてというほどの盛況ぶりを見せました。
French,展覽會에 各國 領事와 外國人 多數 參觀  개회한 이래로 전 조선 각 방면의 인긔人氣를 ᄭᅳ으른 이 세게뎍 뎐람회는 날이 갈사록 평판이 놉하서 경성에 잇는 로서와 령사관과 독일 령사관을 비롯하야 각국 사람들이 다수히 참관하야 실로 동양 텬지에서는 처음되리 만치 성황 우에 대성황을 이루엇슴니다,Spanish,"Cónsules de cada país y muchos extranjeros visitaron la Exhibición. La Exhibición Global, que atrajo interés público en todo Corea desde su inicio, ha ganado más popularidad y se ha vuelto un gran éxito por primera vez en Asia, con personas que vinieron de muchos países, incluida la visita del representante consular de Alemania."
French,거리에서 거리로 끗을 이어셔 점-점점 山속으로 들어가면서 寂寞한 貧村에도 불 켜 주리라 그리하면 世上이 더욱 밝겟지,English,"From street to street, from this end to that end, to the deep in the mountain, I will light up a quiet and poor village to make the whole world brighter"
French,거리에서 거리로 끗을 이어셔 점-점점 山속으로 들어가면서 寂寞한 貧村에도 불 켜 주리라 그리하면 世上이 더욱 밝겟지,Korean,거리에서 거리로 끝을 이어서 점-점점 산속으로 들어가면서 적막한 빈촌에도 불 켜 주리라 그리하면 이 세상이 더욱 밝겠지
French,거리에서 거리로 끗을 이어셔 점-점점 山속으로 들어가면서 寂寞한 貧村에도 불 켜 주리라 그리하면 世上이 더욱 밝겟지,Arabic,من شارع إلى شارع، ومن نهاية إلى أخرى، سأغوص بعمق الجبل، وسأُنير قرية بسيطة وهادئة حتى يُضاء العالم بأسره ويصبح أكثر إشراقًا
French,거리에서 거리로 끗을 이어셔 점-점점 山속으로 들어가면서 寂寞한 貧村에도 불 켜 주리라 그리하면 世上이 더욱 밝겟지,Chinese (Simplified),走过一条条街道，慢慢走进大山里，在寂寥的荒村也点亮一盏街灯。唯有如此，世界才会更明亮。
French,거리에서 거리로 끗을 이어셔 점-점점 山속으로 들어가면서 寂寞한 貧村에도 불 켜 주리라 그리하면 世上이 더욱 밝겟지,Indonesian,"Akan kunyalakan lampu di desa miskin yang sunyi saat menjelajahi jalan ke jalan secara bertahap memasuki pegunungan. Dengan begitu, dunia akan menjadi lebih terang."
French,거리에서 거리로 끗을 이어셔 점-점점 山속으로 들어가면서 寂寞한 貧村에도 불 켜 주리라 그리하면 世上이 더욱 밝겟지,Japanese,街から街へと繋いで、徐々に山の奥へと入りながら、寂しく貧しい村にも明かりを灯してあげよう。そうすれば、この世はもっと明るくなるであろう。
French,거리에서 거리로 끗을 이어셔 점-점점 山속으로 들어가면서 寂寞한 貧村에도 불 켜 주리라 그리하면 世上이 더욱 밝겟지,Spanish,"De calle en calle, desde esta punta a la otra, hasta lo profundo de la montaña, iluminaré una aldea pobre y silenciosa para que el mundo entero sea más brillante"
French,그-럿타 이몸은 저이와 갓치 거리에서 거리로 돌아다니며 집집의 장명燈에 불을 켜리라,Korean,그렇다 이 몸은 저이와 같이  거리에서 거리로 돌아다니며  집집의 장명등에 불을 켜리라
French,그-럿타 이몸은 저이와 갓치 거리에서 거리로 돌아다니며 집집의 장명燈에 불을 켜리라,Arabic,نعم، سأتنقل عبرهم الواحد تلو الآخر ومن شارع إلى شارع لكي أُضِيءَ فانوس كل منزلٍ
French,그-럿타 이몸은 저이와 갓치 거리에서 거리로 돌아다니며 집집의 장명燈에 불을 켜리라,Chinese (Simplified),啊，我愿意跟他去巡夜，点亮一盏盏街灯。
French,그-럿타 이몸은 저이와 갓치 거리에서 거리로 돌아다니며 집집의 장명燈에 불을 켜리라,English,"Yes, I will go with them from street to street to light up the lantern of every house"
French,그-럿타 이몸은 저이와 갓치 거리에서 거리로 돌아다니며 집집의 장명燈에 불을 켜리라,Indonesian,"Seperti dia, tubuh ini akan berkeliaran dari jalan ke jalan dan menyalakan lampu dari rumah ke rumah."
French,그-럿타 이몸은 저이와 갓치 거리에서 거리로 돌아다니며 집집의 장명燈에 불을 켜리라,Japanese,そうだ、この身で彼のように街を歩き回り、家々の長明燈に火をつけよう。
French,그-럿타 이몸은 저이와 갓치 거리에서 거리로 돌아다니며 집집의 장명燈에 불을 켜리라,Spanish,"Sí, iré con ellos de calle en calle para encender el farol de todas las casas"
French,그러면 엇더케 하면 그러케 남이 내 속생각을 ᄯᅩᆨᄯᅩᆨ히 알게 쓰게 되느냐 하면 자긔의 늣김과 ᄯᅳᆺ과 생각을 족음도 더 ᄭᅮ미지 말고 더 ᄲᅢ지도 말고 고대로 생각 고대로 써 노으면 되는 것임니다.,Korean,"그러면 어떻게 하면 그렇게 남이 내 속생각을 똑똑히 알게 쓰게 되느냐 하면 자기의 느낌과 뜻과 생각을 조금도 더 꾸미지 말고 더 빼지도 말고 그대로, 생각 그대로 써 놓으면 되는 것입니다."
French,그러면 엇더케 하면 그러케 남이 내 속생각을 ᄯᅩᆨᄯᅩᆨ히 알게 쓰게 되느냐 하면 자긔의 늣김과 ᄯᅳᆺ과 생각을 족음도 더 ᄭᅮ미지 말고 더 ᄲᅢ지도 말고 고대로 생각 고대로 써 노으면 되는 것임니다.,Arabic,بالحديث عن كيفية نقلَ أفكاري بوضوحٍ للآخرين، فعليكَ أنْ تكتبَ مشاعركَ وأفكاركَ وخواطركَ، بما يُطابقُ حديثكَ وبما يَجولُ في خلجاتِ ذهنك، بلا إضافاتٍ أو حذفٍ، وبلا تمجيد.
French,그러면 엇더케 하면 그러케 남이 내 속생각을 ᄯᅩᆨᄯᅩᆨ히 알게 쓰게 되느냐 하면 자긔의 늣김과 ᄯᅳᆺ과 생각을 족음도 더 ᄭᅮ미지 말고 더 ᄲᅢ지도 말고 고대로 생각 고대로 써 노으면 되는 것임니다.,Chinese (Simplified),那么该怎样做才能写出让别人清晰地知道自己内心想法的文章呢？方法就是不修饰、不增减自己的感受、意思和想法， 直接原原本本地写出自己的想法。
French,그러면 엇더케 하면 그러케 남이 내 속생각을 ᄯᅩᆨᄯᅩᆨ히 알게 쓰게 되느냐 하면 자긔의 늣김과 ᄯᅳᆺ과 생각을 족음도 더 ᄭᅮ미지 말고 더 ᄲᅢ지도 말고 고대로 생각 고대로 써 노으면 되는 것임니다.,English,"Speaking of how to deliver my thought clearly for others, you have to write your emotion, ideas, and thoughts as you speak and as you think, without adding or leaving out anything, and without glamorizing."
French,그러면 엇더케 하면 그러케 남이 내 속생각을 ᄯᅩᆨᄯᅩᆨ히 알게 쓰게 되느냐 하면 자긔의 늣김과 ᄯᅳᆺ과 생각을 족음도 더 ᄭᅮ미지 말고 더 ᄲᅢ지도 말고 고대로 생각 고대로 써 노으면 되는 것임니다.,Indonesian,"Kemudian, bagaimana cara membuat orang lain mengetahui dengan jelas apa yang kita pikirkan? Yaitu dengan menuliskan perasaan, maksud, dan pikiran kita apa adanya, tanpa dibumbui atau dikurangi."
French,그러면 엇더케 하면 그러케 남이 내 속생각을 ᄯᅩᆨᄯᅩᆨ히 알게 쓰게 되느냐 하면 자긔의 늣김과 ᄯᅳᆺ과 생각을 족음도 더 ᄭᅮ미지 말고 더 ᄲᅢ지도 말고 고대로 생각 고대로 써 노으면 되는 것임니다.,Japanese,では、どうすればそのように他の人に自分の内なる考えをよく分かるように書くことができるかというと、自分の感情や意思や考えを、飾ることも足すことも省くこともせず、そのまま、思いのままに書き留めればいいのです。
French,그러면 엇더케 하면 그러케 남이 내 속생각을 ᄯᅩᆨᄯᅩᆨ히 알게 쓰게 되느냐 하면 자긔의 늣김과 ᄯᅳᆺ과 생각을 족음도 더 ᄭᅮ미지 말고 더 ᄲᅢ지도 말고 고대로 생각 고대로 써 노으면 되는 것임니다.,Spanish,"Hablando de cómo expresar claramente mi mente a los demás, tienes que escribir tus emociones, ideas y pensamientos de la manera en que hablas y piensas, sin agregar ni quitar nada, y sin embellecerlo."
French,그리고 아모리 구차한 집도 밝도록 환-하게 불 켜 주리라 그리하면 거리가 더 밝어져서 모도가 다-가티 幸福되리라,Korean,그리고 아무리 구차한 집도 밝도록 환하게 불 켜 주리라 그리하면 거리가 더 밝아져서 모두가 다-같이 행복되리라
French,그리고 아모리 구차한 집도 밝도록 환-하게 불 켜 주리라 그리하면 거리가 더 밝어져서 모도가 다-가티 幸福되리라,Arabic,سأضيء حتى أبسط البيوت لأنير الشوارع وأجعلها أكثر إشراقًا حيث يكون الجميع سعداء
French,그리고 아모리 구차한 집도 밝도록 환-하게 불 켜 주리라 그리하면 거리가 더 밝어져서 모도가 다-가티 幸福되리라,Chinese (Simplified),哪怕破屋烂瓦，也要点亮街灯。唯有如此，街头才会变得更明亮，我们才会更幸福。
French,그리고 아모리 구차한 집도 밝도록 환-하게 불 켜 주리라 그리하면 거리가 더 밝어져서 모도가 다-가티 幸福되리라,English,I will light up even the poorest house to shine the streets even brighter where everyone is happy
French,그리고 아모리 구차한 집도 밝도록 환-하게 불 켜 주리라 그리하면 거리가 더 밝어져서 모도가 다-가티 幸福되리라,Indonesian,"Dan betapa pun miskinnya rumah itu, akan kunyalakan hingga terang. Dengan begitu, jalanan akan lebih terang dan semua orang akan bahagia bersama."
French,그리고 아모리 구차한 집도 밝도록 환-하게 불 켜 주리라 그리하면 거리가 더 밝어져서 모도가 다-가티 幸福되리라,Japanese,そして、どんなに粗末な家だって明るく明かりを灯してあげよう。そうすれば、街はもっと明るくなり、皆が共に幸せになるであろう。
French,그리고 아모리 구차한 집도 밝도록 환-하게 불 켜 주리라 그리하면 거리가 더 밝어져서 모도가 다-가티 幸福되리라,Spanish,Iluminaré hasta la casa más pobre para que las calles brillen aún más y todos sean felices
French,글은 엇더케 해야 잘 짓나,Korean,글은 어떻게 해야 잘 짓나?
French,글은 엇더케 해야 잘 짓나,Arabic,كيف تكتب جيدًا؟
French,글은 엇더케 해야 잘 짓나,Chinese (Simplified),如何才能写好文章？
French,글은 엇더케 해야 잘 짓나,English,How to Write Well?
French,글은 엇더케 해야 잘 짓나,Indonesian,Bagaimana Cara Menulis dengan Baik?
French,글은 엇더케 해야 잘 짓나,Japanese,文章はどうすれば上手く書けるか。
French,글은 엇더케 해야 잘 짓나,Spanish,¿Cómo escribir bien?
French,나는 항상 이럿케 생각하고 늣김니다 『과연 이것은 우리의 잡지다! ᄭᅳᆺᄭᅳᆺ내 우리를 위하야 정성을 써주는 잡지요 됴선 소년의 참된 생명을 길너주는 잡지다』고요 사실로 우리는 부모에게서도 배호지 못하고 학교에서도 배호지 못하는 거륵한 정신을 오즉 『어린이』에서 배화 가고 잇슴니다.,Korean,"나는 항상 이렇게 생각하고 느낍니다. 『과연 이것은 우리의 잡지다! 끝끝내 우리를 위하여 정성을 써주는 잡지요, 조선 소년의 참된 생명을 길러주는 잡지다』고요 사실로 우리는 부모에게서도 배우지 못하고 학교에서도 배우지 못하는 거룩한 정신을 오직 『어린이』에서 배워가고 있습니다."
French,나는 항상 이럿케 생각하고 늣김니다 『과연 이것은 우리의 잡지다! ᄭᅳᆺᄭᅳᆺ내 우리를 위하야 정성을 써주는 잡지요 됴선 소년의 참된 생명을 길너주는 잡지다』고요 사실로 우리는 부모에게서도 배호지 못하고 학교에서도 배호지 못하는 거륵한 정신을 오즉 『어린이』에서 배화 가고 잇슴니다.,Arabic,"باستمرار، أفكر وأشعر على هذا النهج. "" ها هي ذي، المجلةُ الصادقة التي لا تقدر بثمن! فهي تمنحنا الصدق الأسمى وتُلهم أطفالنا بحياةٍ حقيقيةٍ"" حقاً، يمكننا أن نتعلم المبادئ والقيم الثمينة التي لا غنى لنا عن تعلمها من دون آبائنا أو مدارسنا إلا من ""آورينالأطفال""."
French,나는 항상 이럿케 생각하고 늣김니다 『과연 이것은 우리의 잡지다! ᄭᅳᆺᄭᅳᆺ내 우리를 위하야 정성을 써주는 잡지요 됴선 소년의 참된 생명을 길너주는 잡지다』고요 사실로 우리는 부모에게서도 배호지 못하고 학교에서도 배호지 못하는 거륵한 정신을 오즉 『어린이』에서 배화 가고 잇슴니다.,Chinese (Simplified),我一直认为和觉得，“这才是我们的杂志！坚持为我们付出心血的杂志，培养朝鲜少年真正生命的杂志”。事实上，我们不能从父母身上学到的，不能在学校学到的伟大精神，都正在从《儿童》中学习。
French,나는 항상 이럿케 생각하고 늣김니다 『과연 이것은 우리의 잡지다! ᄭᅳᆺᄭᅳᆺ내 우리를 위하야 정성을 써주는 잡지요 됴선 소년의 참된 생명을 길너주는 잡지다』고요 사실로 우리는 부모에게서도 배호지 못하고 학교에서도 배호지 못하는 거륵한 정신을 오즉 『어린이』에서 배화 가고 잇슴니다.,English,"I always think and feel like this. ""This indeed is a genuine magazine for us! It does nothing but gives us the ultimate sincerity and inspires the Korean children with a true life."" In fact, we can learn the priceless principle that we couldn't from our parents or schools but only from ""EoriniChildren."""
French,나는 항상 이럿케 생각하고 늣김니다 『과연 이것은 우리의 잡지다! ᄭᅳᆺᄭᅳᆺ내 우리를 위하야 정성을 써주는 잡지요 됴선 소년의 참된 생명을 길너주는 잡지다』고요 사실로 우리는 부모에게서도 배호지 못하고 학교에서도 배호지 못하는 거륵한 정신을 오즉 『어린이』에서 배화 가고 잇슴니다.,Indonesian,"Aku selalu berpikir dan merasa seperti ini. ""Sebenarnya inilah majalah kami! Majalah yang menulis ketulusan untuk kami dari ujung ke ujung, dan majalah yang menumbuhkan kehidupan sebenarnya dari pemuda Joseon."" Padahal kita mempelajari roh suci yang tidak bisa kita pelajari dari orang tua kita atau bahkan di sekolah hanya dari ""anak-anak""."
French,나는 항상 이럿케 생각하고 늣김니다 『과연 이것은 우리의 잡지다! ᄭᅳᆺᄭᅳᆺ내 우리를 위하야 정성을 써주는 잡지요 됴선 소년의 참된 생명을 길너주는 잡지다』고요 사실로 우리는 부모에게서도 배호지 못하고 학교에서도 배호지 못하는 거륵한 정신을 오즉 『어린이』에서 배화 가고 잇슴니다.,Japanese,私はいつもこんな風に考え、感じています。「まさしくこれは私たちの雑誌だ！最後まで私たちのために気遣ってくれる雑誌、朝鮮の少年の真の命を育ててくれる雑誌だ」と。実際、私たちは両親からも学べず、または学校でも学べない聖なる精神を、ひとえに『こども』から学んでいるのです。
French,나는 항상 이럿케 생각하고 늣김니다 『과연 이것은 우리의 잡지다! ᄭᅳᆺᄭᅳᆺ내 우리를 위하야 정성을 써주는 잡지요 됴선 소년의 참된 생명을 길너주는 잡지다』고요 사실로 우리는 부모에게서도 배호지 못하고 학교에서도 배호지 못하는 거륵한 정신을 오즉 『어린이』에서 배화 가고 잇슴니다.,Spanish,"Siempre pienso y siento esto. «¡Esta sí que es una revista para nosotros! No hace nada, pero nos da sinceridad definitiva y motiva a los niños coreanos hacia una vida auténtica». De hecho, aprendemos el principio invaluable que no pudimos aprender de nuestros padres ni de la escuela, solo con «EoriniNiños»."
French,대톄 『그 글 잘되엿다』 하고 층찬하는 것은 무엇을 표준하고 하는 말인지 아심닛가? 그것은 아모것보다도 먼저 그 글에 그 사람의 속생각이 분명하게 나타낫느냐 안 나타낫느냐 하는데 잇는 것임니다.,Korean,대체 『그 글 잘되었다』 하고 칭찬하는 것은 무엇을 표준하고 하는 말인지 아십니까? 그것은 무엇보다도 먼저 그 글에 그 사람의 속생각이 분명하게 나타났느냐 안 나타났느냐 하는데 있는 것입니다.
French,대톄 『그 글 잘되엿다』 하고 층찬하는 것은 무엇을 표준하고 하는 말인지 아심닛가? 그것은 아모것보다도 먼저 그 글에 그 사람의 속생각이 분명하게 나타낫느냐 안 나타낫느냐 하는데 잇는 것임니다.,Arabic,"أتدري ما الذي يُشاد به بالفعل عندما يقال ""هذه كتابةٌ رائعة""، وعلى أي أساسٍ يُبنى ذلك؟ الحقيقةُ الأهم، تتعلق في ما إذا كان النص مبرزًا لما يريدُ الكاتبُ نقله، ومدى قدرته على تجسيد أفكاره ومشاعره بوضوحٍ يلامس الروح."
French,대톄 『그 글 잘되엿다』 하고 층찬하는 것은 무엇을 표준하고 하는 말인지 아심닛가? 그것은 아모것보다도 먼저 그 글에 그 사람의 속생각이 분명하게 나타낫느냐 안 나타낫느냐 하는데 잇는 것임니다.,Chinese (Simplified),知道“那篇文章写得好”的称赞究竟是以何为标准的吗？首先就是在那篇文章里，作者内心的想法是否清晰地表达了出来。
French,대톄 『그 글 잘되엿다』 하고 층찬하는 것은 무엇을 표준하고 하는 말인지 아심닛가? 그것은 아모것보다도 먼저 그 글에 그 사람의 속생각이 분명하게 나타낫느냐 안 나타낫느냐 하는데 잇는 것임니다.,English,"Do you understand what ""That is a fine writing"" really praises and has its basis on? More than anything, that is about if the text has conveyed the mind of the writer clearly."
French,대톄 『그 글 잘되엿다』 하고 층찬하는 것은 무엇을 표준하고 하는 말인지 아심닛가? 그것은 아모것보다도 먼저 그 글에 그 사람의 속생각이 분명하게 나타낫느냐 안 나타낫느냐 하는데 잇는 것임니다.,Indonesian,"Apakah kamu tahu apa standar dari pujian ""Tulisan itu bagus""? Pertama, semuanya tergantung pada apakah pikiran seseorang diungkapkan dengan jelas atau tidak dalam tulisan tersebut."
French,대톄 『그 글 잘되엿다』 하고 층찬하는 것은 무엇을 표준하고 하는 말인지 아심닛가? 그것은 아모것보다도 먼저 그 글에 그 사람의 속생각이 분명하게 나타낫느냐 안 나타낫느냐 하는데 잇는 것임니다.,Japanese,「文章が上手く書けた」と称賛する際、いったい何を基準にしているのか知っていますか。それは何よりもまず、その人の内なる考えがその文章にはっきりと表現されているかどうかです。
French,대톄 『그 글 잘되엿다』 하고 층찬하는 것은 무엇을 표준하고 하는 말인지 아심닛가? 그것은 아모것보다도 먼저 그 글에 그 사람의 속생각이 분명하게 나타낫느냐 안 나타낫느냐 하는데 잇는 것임니다.,Spanish,"¿Entiendes qué elogia y en qué se basa la frase «Ese escrito es bueno»? Más que nada, se trata de si el texto expresó claramente la mente del escritor."
French,모든 것이 흔어지고 쓰러저 업서진 븬터에서 오히려 ᄯᅩ 눌리고 짓밟히고 학대 밧고 잇는 됴선의 어린이들에게 족음이라도 더 새로운 깃븜과 긔운을 주어 밝은 빗을 가저다두고 새로운 생명을 길러주자! 하는 동시에 엇더케하면 가제 싹 돗기 시작하는 됴선의 소년운동 우에 새로운 량식거리가 되고 ᄯᅩ 충실한 부림ᄭᅮᆫ이 되야 됴선의 소년운동을 한 금이라도 더 놉히 올려가는데 도음이 될 수 잇슬가! 하는 것이 『어린이』가 창간되는 첫날브터의 생각이요 바람이요 계획이엿슴니다.,Korean,모든 것이 흩어지고 쓰러져 없어진 빈터에서 오히려 또 눌리고 짓밟히고 학대 받고 있는 조선의 어린이들에게 조금이라도 더 새로운 기쁨과 기운을 주어 밝은 빛을 가져다 두고 새로운 생명을 길러주자! 하는 동시에 어떻게 하면 아직 싹 돋기 시작하는 조선의 소년운동 위에 새로운 양식거리가 되고 또 충실한 부림꾼이 되어 조선의 소년운동을 조금이라도 더 높이 올려놓는데 도움이 될 수 있을까! 하는 것이 『어린이』가 창간되는 첫날부터의 생각이요 바람이요 계획이었습니다.
French,모든 것이 흔어지고 쓰러저 업서진 븬터에서 오히려 ᄯᅩ 눌리고 짓밟히고 학대 밧고 잇는 됴선의 어린이들에게 족음이라도 더 새로운 깃븜과 긔운을 주어 밝은 빗을 가저다두고 새로운 생명을 길러주자! 하는 동시에 엇더케하면 가제 싹 돗기 시작하는 됴선의 소년운동 우에 새로운 량식거리가 되고 ᄯᅩ 충실한 부림ᄭᅮᆫ이 되야 됴선의 소년운동을 한 금이라도 더 놉히 올려가는데 도음이 될 수 잇슬가! 하는 것이 『어린이』가 창간되는 첫날브터의 생각이요 바람이요 계획이엿슴니다.,Arabic,فلنكن منارة الأمل للأطفال الذين ليس فقط يُفقَدون في عالم مهجور ومثبط للهمم فحسب، بل يُحاصرون أيضا تحت نير الاضطهاد وسوء المعاملة. فلتكن سعادتنا وبهجتنا المُرهم الذي يمحو آلامهم والسند الذي يساعدهم على النهوض! بينما نسعى جاهدين للقيام بذلك، كيف يمكننا تأجيج شعلة حركة الشباب في كوريا، التي بدأت توقد للتو بالمعرفة المكتشفة حديثًا؟ وكيف يمكننا أن نكون حليفًا مخلصًا للمساعدة في هذه القضية ؟ كانت هذه هي المبادئ التوجيهية والرؤية والدرب الذي ننهجه منذ اليوم الأول لإصدارنا «إيورينيالأطفال».
French,모든 것이 흔어지고 쓰러저 업서진 븬터에서 오히려 ᄯᅩ 눌리고 짓밟히고 학대 밧고 잇는 됴선의 어린이들에게 족음이라도 더 새로운 깃븜과 긔운을 주어 밝은 빗을 가저다두고 새로운 생명을 길러주자! 하는 동시에 엇더케하면 가제 싹 돗기 시작하는 됴선의 소년운동 우에 새로운 량식거리가 되고 ᄯᅩ 충실한 부림ᄭᅮᆫ이 되야 됴선의 소년운동을 한 금이라도 더 놉히 올려가는데 도음이 될 수 잇슬가! 하는 것이 『어린이』가 창간되는 첫날브터의 생각이요 바람이요 계획이엿슴니다.,Chinese (Simplified),送给在一切都消散倒下的空地上反而再次受到打压、践踏和虐待的朝鲜儿童些许新的欢乐和生机，为他们送去光明并注入新的生命吧！同时，如何才能成为刚刚开始萌芽的朝鲜少年运动的新食粮和忠实仆从，为扩大朝鲜少年运动增添一些助力！从《儿童》创刊的第一天开始，这些就一直是我的想法、希望和计划。
French,모든 것이 흔어지고 쓰러저 업서진 븬터에서 오히려 ᄯᅩ 눌리고 짓밟히고 학대 밧고 잇는 됴선의 어린이들에게 족음이라도 더 새로운 깃븜과 긔운을 주어 밝은 빗을 가저다두고 새로운 생명을 길러주자! 하는 동시에 엇더케하면 가제 싹 돗기 시작하는 됴선의 소년운동 우에 새로운 량식거리가 되고 ᄯᅩ 충실한 부림ᄭᅮᆫ이 되야 됴선의 소년운동을 한 금이라도 더 놉히 올려가는데 도음이 될 수 잇슬가! 하는 것이 『어린이』가 창간되는 첫날브터의 생각이요 바람이요 계획이엿슴니다.,English,"For children not only falling into a frustrated and empty land but also under suppression and mistreatment, let us give them light by sharing joy and cheer so they can stand up! While doing so, what can be done to fuel the movement of the youth in Korea that has just begun with new knowledge, and what can I do to help it by becoming a faithful servant? These were the ideas, vision, and plan from the first day of publication of ""EoriniChildren."""
French,모든 것이 흔어지고 쓰러저 업서진 븬터에서 오히려 ᄯᅩ 눌리고 짓밟히고 학대 밧고 잇는 됴선의 어린이들에게 족음이라도 더 새로운 깃븜과 긔운을 주어 밝은 빗을 가저다두고 새로운 생명을 길러주자! 하는 동시에 엇더케하면 가제 싹 돗기 시작하는 됴선의 소년운동 우에 새로운 량식거리가 되고 ᄯᅩ 충실한 부림ᄭᅮᆫ이 되야 됴선의 소년운동을 한 금이라도 더 놉히 올려가는데 도음이 될 수 잇슬가! 하는 것이 『어린이』가 창간되는 첫날브터의 생각이요 바람이요 계획이엿슴니다.,Indonesian,"Mari kita berikan sedikit lebih banyak kegembiraan dan semangat baru untuk anak-anak Joseon, yang tertindas, diinjak-injak, dan dianiaya di lahan kosong di mana semuanya berserakan dan hancur, dan berikan cahaya terang untuk menumbuhkan kehidupan baru! Di saat yang sama, entah bagaimana ini akan menjadi jalan baru di atas gerakan pemuda Joseon yang baru mulai tumbuh dan menjadi pekerja yang tulus untuk membantu mengangkat gerakan pemuda di Joseon lebih tinggi lagi! Ini adalah pemikiran, keinginan, dan rencanaku sejak hari pertama penerbitan ""Anak-Anak""."
French,모든 것이 흔어지고 쓰러저 업서진 븬터에서 오히려 ᄯᅩ 눌리고 짓밟히고 학대 밧고 잇는 됴선의 어린이들에게 족음이라도 더 새로운 깃븜과 긔운을 주어 밝은 빗을 가저다두고 새로운 생명을 길러주자! 하는 동시에 엇더케하면 가제 싹 돗기 시작하는 됴선의 소년운동 우에 새로운 량식거리가 되고 ᄯᅩ 충실한 부림ᄭᅮᆫ이 되야 됴선의 소년운동을 한 금이라도 더 놉히 올려가는데 도음이 될 수 잇슬가! 하는 것이 『어린이』가 창간되는 첫날브터의 생각이요 바람이요 계획이엿슴니다.,Japanese,何もかもが散らばって倒れてなくなった空き地で、むしろまた押し倒され、踏みつけられ、虐待されている朝鮮の子どもたちに少しでも新しい喜びと元気を与え、明るい光をもたらし、新しい生命を育ててあげよう！それと同時に、どうすればまだ芽吹き始めた朝鮮の少年運動の上に新しい糧となり、また忠実な世話役となって朝鮮の少年運動を少しでも高めるのに役立つことができるだろうか！というのが『こども』が創刊された初日からの思いであり、願いであり、計画でした。
French,모든 것이 흔어지고 쓰러저 업서진 븬터에서 오히려 ᄯᅩ 눌리고 짓밟히고 학대 밧고 잇는 됴선의 어린이들에게 족음이라도 더 새로운 깃븜과 긔운을 주어 밝은 빗을 가저다두고 새로운 생명을 길러주자! 하는 동시에 엇더케하면 가제 싹 돗기 시작하는 됴선의 소년운동 우에 새로운 량식거리가 되고 ᄯᅩ 충실한 부림ᄭᅮᆫ이 되야 됴선의 소년운동을 한 금이라도 더 놉히 올려가는데 도음이 될 수 잇슬가! 하는 것이 『어린이』가 창간되는 첫날브터의 생각이요 바람이요 계획이엿슴니다.,Spanish,"Para que los niños no caigan en una tierra frustrada y vacía, y también bajo represión y maltrato, ¡vamos a darles luz al compartir alegría y júbilo para que se defiendan! Mientras tanto, ¿qué se puede hacer para impulsar con nuevos conocimientos al movimiento juvenil de Corea, que apenas ha comenzado, y qué puedo hacer para ayudarlo al convertirme en un servidor fiel? Estas fueron las ideas, la visión y el plan desde el primer día de la publicación de «EoriniNiños»."
French,백설공주가 닐곱 살이 되엿슬 때에는 엇더케 그러케 어엽브게 잘생겻는지 한울 우의 해ㅅ님과 가티 잘생겨서 왕비보다는 훨신훨신 더 어엽벗슴니다. 어느 날 왕비는 역시 거울 압헤 가서 『거울아 거울아 정직한 거울 이 세상에서 누구가 뎨일 어엽브냐』 하고 물엇슴니다. 그러닛가 이번에는 거울이 『당신이 참 정말 어엽븜니다 백설의 공주는 더 어엽븜니다』 하엿슴니다. 자- 왕비는 고만 그 소리를 듯고 가슴이 덜컥 하고 놀라서 성은 성대로 나고 화는 화대로 나서 얼골빗이 푸르락 붉으락해지며 엇지할 줄을 몰랏슴니다,Korean,"백설공주가 일곱 살이 되었을 때에는 어떻게 그렇게 어여쁘게 잘생겼는지 하늘 위의 해님과 같이 잘생겨서 왕비보다는 훨씬훨씬 더 어여뻤습니다. 어느 날 왕비는 역시 거울 앞에 가서 『거울아 거울아, 정직한 거울 이 세상에서 누가 제일 어여쁘냐?』 하고 물었습니다. 그러니까 이번에는 거울이 『당신이 참 정말 어여쁩니다. 백설의 공주는 더 어여쁩니다.』 하였습니다. 자- 왕비는 그만 그 소리를 듣고 가슴이 덜컥 하고 놀라서 성은 성대로 나고 화는 화대로 나서 얼굴빛이 푸르락 붉으락해지며 어찌할 줄을 몰랐습니다."
French,백설공주가 닐곱 살이 되엿슬 때에는 엇더케 그러케 어엽브게 잘생겻는지 한울 우의 해ㅅ님과 가티 잘생겨서 왕비보다는 훨신훨신 더 어엽벗슴니다. 어느 날 왕비는 역시 거울 압헤 가서 『거울아 거울아 정직한 거울 이 세상에서 누구가 뎨일 어엽브냐』 하고 물엇슴니다. 그러닛가 이번에는 거울이 『당신이 참 정말 어엽븜니다 백설의 공주는 더 어엽븜니다』 하엿슴니다. 자- 왕비는 고만 그 소리를 듯고 가슴이 덜컥 하고 놀라서 성은 성대로 나고 화는 화대로 나서 얼골빗이 푸르락 붉으락해지며 엇지할 줄을 몰랏슴니다,Arabic,"عِنْدَما بَلغَت الأميرةُ سنو وايتُ سنّ السابعة، ازدادت جمالاً ورقّة كأشْعَّةِ الشَّمْسِ المُضِيئَةِ، فَلَمْ تَسْتَطِعِ المَلِكَةُ مُظاهات حُسنها. وَذَات يومٍ، وَقَفَتْ الملكةُ أمَامَ الْمِرَآةِ وخاطبتها مُبَاشرَةً، طَارحَةً عليها السؤال الأَهْمَّ، ""أيُّتهَا المرآةُ الصَّادِقةُ، مَنْ هِيَ الْأَجْمَلُ فِي الْعَالَمِ؟"" فَأَجَابَتِ المِرْآةُ: ""أنْتِ يا مَلِكَتِي، وَلَكِنَّ الأميرة سنو وايت أَجْمَلُ مِنْكِ"". حَيْنَهَا، انْزعجتِ الملكةُ وَاسودَّ وجهُها مِنَ شِدَّة الْغَضَبِ، وتملّكها الغَيظُ لدَرَجَةِ عَدَمِ تَمَكُّنِهَا مِنَ الْتَصَرُّفِ بِالتّصرف الْمُنَاسَبِ."
French,백설공주가 닐곱 살이 되엿슬 때에는 엇더케 그러케 어엽브게 잘생겻는지 한울 우의 해ㅅ님과 가티 잘생겨서 왕비보다는 훨신훨신 더 어엽벗슴니다. 어느 날 왕비는 역시 거울 압헤 가서 『거울아 거울아 정직한 거울 이 세상에서 누구가 뎨일 어엽브냐』 하고 물엇슴니다. 그러닛가 이번에는 거울이 『당신이 참 정말 어엽븜니다 백설의 공주는 더 어엽븜니다』 하엿슴니다. 자- 왕비는 고만 그 소리를 듯고 가슴이 덜컥 하고 놀라서 성은 성대로 나고 화는 화대로 나서 얼골빗이 푸르락 붉으락해지며 엇지할 줄을 몰랏슴니다,Chinese (Simplified),白雪公主七岁时，她的容貌变得美如天使，甚至比王后更美丽。有一天，王后走到魔镜前面问道，“魔镜魔镜，谁是世界上最美的女人？”魔镜这一次却回答说，“我的王后，你是这里最美丽的。但白雪公主比你更美丽一千倍。”王后听了心里很震惊，内心充满了嫉妒，她的脸因为生气变得又绿又黄。
French,백설공주가 닐곱 살이 되엿슬 때에는 엇더케 그러케 어엽브게 잘생겻는지 한울 우의 해ㅅ님과 가티 잘생겨서 왕비보다는 훨신훨신 더 어엽벗슴니다. 어느 날 왕비는 역시 거울 압헤 가서 『거울아 거울아 정직한 거울 이 세상에서 누구가 뎨일 어엽브냐』 하고 물엇슴니다. 그러닛가 이번에는 거울이 『당신이 참 정말 어엽븜니다 백설의 공주는 더 어엽븜니다』 하엿슴니다. 자- 왕비는 고만 그 소리를 듯고 가슴이 덜컥 하고 놀라서 성은 성대로 나고 화는 화대로 나서 얼골빗이 푸르락 붉으락해지며 엇지할 줄을 몰랏슴니다,English,"By the age of seven, Princess Snow White became so fair like the sun in the sky that the queen could not compete with her. One day, the queen stood before and asked the mirror, ""Mirror, Mirror, the honest Mirror, who's the most beautiful one in the world?"" The mirror answered, ""You are, my queen. But Princess Snow White is more beautiful than you."" There, shocked by it, the queen turned purple with rage and got so angry that she didn't know how to react."
French,백설공주가 닐곱 살이 되엿슬 때에는 엇더케 그러케 어엽브게 잘생겻는지 한울 우의 해ㅅ님과 가티 잘생겨서 왕비보다는 훨신훨신 더 어엽벗슴니다. 어느 날 왕비는 역시 거울 압헤 가서 『거울아 거울아 정직한 거울 이 세상에서 누구가 뎨일 어엽브냐』 하고 물엇슴니다. 그러닛가 이번에는 거울이 『당신이 참 정말 어엽븜니다 백설의 공주는 더 어엽븜니다』 하엿슴니다. 자- 왕비는 고만 그 소리를 듯고 가슴이 덜컥 하고 놀라서 성은 성대로 나고 화는 화대로 나서 얼골빗이 푸르락 붉으락해지며 엇지할 줄을 몰랏슴니다,Indonesian,"Ketika Putri Salju berusia tujuh tahun, entah bagaimana dia bisa terlihat begitu cantik seperti matahari di langit, jauh lebih cantik dari sang ratu. Suatu hari, sang ratu berdiri di depan cermin dan bertanya, ""Cermin, cermin, cermin yang jujur, siapakah yang tercantik di dunia?"" Kali ini, cermin berkata, ""Kamu benar-benar cantik. Tapi Putri Salju lebih cantik."" Ketika sang ratu mendengar jawaban tersebut, jantungnya melonjak. Suaranya meninggi dan amarahnya memuncak karena terkejut. Wajahnya semakin memerah dan dia tidak tahu harus berbuat apa."
French,백설공주가 닐곱 살이 되엿슬 때에는 엇더케 그러케 어엽브게 잘생겻는지 한울 우의 해ㅅ님과 가티 잘생겨서 왕비보다는 훨신훨신 더 어엽벗슴니다. 어느 날 왕비는 역시 거울 압헤 가서 『거울아 거울아 정직한 거울 이 세상에서 누구가 뎨일 어엽브냐』 하고 물엇슴니다. 그러닛가 이번에는 거울이 『당신이 참 정말 어엽븜니다 백설의 공주는 더 어엽븜니다』 하엿슴니다. 자- 왕비는 고만 그 소리를 듯고 가슴이 덜컥 하고 놀라서 성은 성대로 나고 화는 화대로 나서 얼골빗이 푸르락 붉으락해지며 엇지할 줄을 몰랏슴니다,Japanese,白雪姫が七歳になった時にはどれほど可愛く美しくかったか、空の上のお日様のように美しく、王妃よりもはるかに綺麗でした。ある日、王妃はいつものように鏡の前に立ち、「鏡よ鏡よ正直な鏡よ、この世で最も美しいのは誰だい？」と尋ねました。すると今度は鏡が「あなたは本当に美しいです。しかし、白雪姫はそれよりももっと美しいですよ。」と答えました。そして、その答えを聞いた王妃は、胸がガタガタと震わせて驚き、非常に憤慨して顔は真っ赤になり、居ても立っても居られませんでした。
French,백설공주가 닐곱 살이 되엿슬 때에는 엇더케 그러케 어엽브게 잘생겻는지 한울 우의 해ㅅ님과 가티 잘생겨서 왕비보다는 훨신훨신 더 어엽벗슴니다. 어느 날 왕비는 역시 거울 압헤 가서 『거울아 거울아 정직한 거울 이 세상에서 누구가 뎨일 어엽브냐』 하고 물엇슴니다. 그러닛가 이번에는 거울이 『당신이 참 정말 어엽븜니다 백설의 공주는 더 어엽븜니다』 하엿슴니다. 자- 왕비는 고만 그 소리를 듯고 가슴이 덜컥 하고 놀라서 성은 성대로 나고 화는 화대로 나서 얼골빗이 푸르락 붉으락해지며 엇지할 줄을 몰랏슴니다,Spanish,"A los siete años, la princesa Blancanieves se volvió tan bella como el sol del cielo que la reina no pudo competir con ella. Un día, la reina se paró frente al espejo y le preguntó: «Espejito, Espejito, Espejito sincero ¿quién es la más bella en todo el mundo?». El espejo respondió: «Usted, mi reina. Pero la princesa Blancanieves es más hermosa que usted». Por la conmoción, la reina se puso roja de furia y se enojó tanto que no supo cómo reaccionar."
French,"새와 가티 ᄭᅩᆺ과 가티 앵도 가튼 어린 입슐로,  텬진란만하게 부르는 노래,  그것은 고대로 자연의 소리이며,  고대로 한울의 소리입니다 비닭이와 가티 톡기와 가티 부들어운 머리를 바람에 날리면서 ᄯᅱ노는 모양, 고대로가 자연의 자태이고 고대로가 한울의 그림자입니다.  거긔에는 어른들과 가튼 욕심도 잇지 아니하고 욕심스런 계획도 잇지 아니합니다.  죄 업고 허물업는 평화롭고 자유로운 한울나라!  그것은 우리의 어린이의 나라입니다.",Korean,"새와 같이 꽃과 같이 앵두 같은 어린 입술로, 천진난만하게 부르는 노래, 그것은 그대로 자연의 소리이며, 그대로 하늘의 소리입니다. 비둘기와 같이 토끼와 같이 부드러운 머리를 바람에 날리면서 뛰노는 모양, 그대로가 자연의 자태이고 그대로가 하늘의 그림자입니다. 거기에는 어른들과 같은 욕심도 있지 아니하고 욕심스러운 계획도 있지 아니합니다. 죄 없고 허물없는 평화롭고 자유로운 하늘나라! 그것은 우리의 어린이의 나라입니다."
French,"새와 가티 ᄭᅩᆺ과 가티 앵도 가튼 어린 입슐로,  텬진란만하게 부르는 노래,  그것은 고대로 자연의 소리이며,  고대로 한울의 소리입니다 비닭이와 가티 톡기와 가티 부들어운 머리를 바람에 날리면서 ᄯᅱ노는 모양, 고대로가 자연의 자태이고 고대로가 한울의 그림자입니다.  거긔에는 어른들과 가튼 욕심도 잇지 아니하고 욕심스런 계획도 잇지 아니합니다.  죄 업고 허물업는 평화롭고 자유로운 한울나라!  그것은 우리의 어린이의 나라입니다.",Arabic,مثل زقزقة العصافير والزهور المتفتّحة، تُغنَّى بصوت البراءة، أغنية يردّدها الأطفال بحناجرهم الصغيرة وبأصواتهم الدافئة كما أصوات الجنّة، مُحاكين صوت الطبيعة. كما الحمام الأبيض والأرانب الراكضة، تتناثر خصلات شعرهم ملامسةً النسيم العليل. لا تحمل أَفْئِدَتهم الصغيرة جشعا ولا كِبر. قلوبهم الصافية الحالمة، موطن الحرية والسلام! إنّه حقا عالم الأطفال السعيد.
French,"새와 가티 ᄭᅩᆺ과 가티 앵도 가튼 어린 입슐로,  텬진란만하게 부르는 노래,  그것은 고대로 자연의 소리이며,  고대로 한울의 소리입니다 비닭이와 가티 톡기와 가티 부들어운 머리를 바람에 날리면서 ᄯᅱ노는 모양, 고대로가 자연의 자태이고 고대로가 한울의 그림자입니다.  거긔에는 어른들과 가튼 욕심도 잇지 아니하고 욕심스런 계획도 잇지 아니합니다.  죄 업고 허물업는 평화롭고 자유로운 한울나라!  그것은 우리의 어린이의 나라입니다.",Chinese (Simplified),像鸟、像花、像樱桃一样娇嫩的口中，唱出天真烂漫的歌声，那歌声就是自然的声音，就是天空的声音。像白鸽、像兔子一样柔软的头发随风飘动，那样子就是自然的姿态，就是天空的影子。那里没有大人的贪婪，也没有充满野心的算计。没有罪恶、没有隔阂、充满自由与和平的天堂！那就是我们的儿童之国。
French,"새와 가티 ᄭᅩᆺ과 가티 앵도 가튼 어린 입슐로,  텬진란만하게 부르는 노래,  그것은 고대로 자연의 소리이며,  고대로 한울의 소리입니다 비닭이와 가티 톡기와 가티 부들어운 머리를 바람에 날리면서 ᄯᅱ노는 모양, 고대로가 자연의 자태이고 고대로가 한울의 그림자입니다.  거긔에는 어른들과 가튼 욕심도 잇지 아니하고 욕심스런 계획도 잇지 아니합니다.  죄 업고 허물업는 평화롭고 자유로운 한울나라!  그것은 우리의 어린이의 나라입니다.",English,"A song children sing with their beautiful young voices like birds and flowers, that is the sound of nature and is the voice of heaven. Children running and playing around with their hair blowing in the breeze, just like doves and rabbits, they are the genuine shapes of nature and shadows of heaven. No greed like adults, no cunning plans are there. Kingdom of heaven where everyone is innocent, flawless, peaceful, and free! That is truly the happy world of children."
French,"새와 가티 ᄭᅩᆺ과 가티 앵도 가튼 어린 입슐로,  텬진란만하게 부르는 노래,  그것은 고대로 자연의 소리이며,  고대로 한울의 소리입니다 비닭이와 가티 톡기와 가티 부들어운 머리를 바람에 날리면서 ᄯᅱ노는 모양, 고대로가 자연의 자태이고 고대로가 한울의 그림자입니다.  거긔에는 어른들과 가튼 욕심도 잇지 아니하고 욕심스런 계획도 잇지 아니합니다.  죄 업고 허물업는 평화롭고 자유로운 한울나라!  그것은 우리의 어린이의 나라입니다.",Indonesian,Lagu yang dinyanyikan dengan lugu dengan bibir muda seperti ceri bersama burung dan bunga adalah suara alam dan suara langit. Rambut lembut mereka berkibar tertiup angin saat berlarian seperti merpati dan kelinci. Mereka adalah alam dan bayangan langit. Tak ada keserakahan seperti orang dewasa dan bahkan tidak ada rencana yang serakah. Surga yang damai dan bebas tanpa dosa dan rasa bersalah! Itulah negara anak-anak kita.
French,"새와 가티 ᄭᅩᆺ과 가티 앵도 가튼 어린 입슐로,  텬진란만하게 부르는 노래,  그것은 고대로 자연의 소리이며,  고대로 한울의 소리입니다 비닭이와 가티 톡기와 가티 부들어운 머리를 바람에 날리면서 ᄯᅱ노는 모양, 고대로가 자연의 자태이고 고대로가 한울의 그림자입니다.  거긔에는 어른들과 가튼 욕심도 잇지 아니하고 욕심스런 계획도 잇지 아니합니다.  죄 업고 허물업는 평화롭고 자유로운 한울나라!  그것은 우리의 어린이의 나라입니다.",Japanese,鳥のように、花のように、サクランボのような幼い唇で、天真爛漫に歌う歌。それはそのままの自然の音色であり、そのまま天の声なのです。鳩のように、兎のように、柔らかい髪の毛を風に吹かれながら走り回る姿、それはそのままが自然の姿で、そのままが天の影なのです。そこには大人のような欲もなく、欲深い計画もありません。罪なく、気の置けない平和で自由な天の国！それは私たちのこどもの国なのです。
French,"새와 가티 ᄭᅩᆺ과 가티 앵도 가튼 어린 입슐로,  텬진란만하게 부르는 노래,  그것은 고대로 자연의 소리이며,  고대로 한울의 소리입니다 비닭이와 가티 톡기와 가티 부들어운 머리를 바람에 날리면서 ᄯᅱ노는 모양, 고대로가 자연의 자태이고 고대로가 한울의 그림자입니다.  거긔에는 어른들과 가튼 욕심도 잇지 아니하고 욕심스런 계획도 잇지 아니합니다.  죄 업고 허물업는 평화롭고 자유로운 한울나라!  그것은 우리의 어린이의 나라입니다.",Spanish,"Una canción que los niños cantan con sus bellas voces jóvenes como aves y flores, ese es el sonido de la naturaleza y esa es la voz del cielo. Niños que corren y juegan con el cabello volando en la brisa, como palomas y conejos, ellos son las formas auténticas de la naturaleza y las sombras del cielo. Sin avaricia como los adultos, sin planes arteros. ¡El reino del cielo donde todos son inocentes, perfectos, tranquilos y libres! Ese es el verdadero mundo feliz de los niños."
French,어린 사람의 해방운동이 단톄뎍으로 五百여 처에 니러나고 어린 사람의 생명 량식이 수십 가지 잡지로 뒤니어 나와서 어린이의 살림이 커지고 ᄯᅩ 넓어젓슴니다.  아아 거륵한 긔렴의 날 五月 초하로! 기우러진 됴선에 새싹이 돗기 시작한 날이 이날이요 성명도 업든 됴선의 어린이들이 새로운 생명을 엇은 날이 이날임니다.,English,"The campaigns for the young have been brought up in more than five hundred places, and numerous magazines for children to read have followed, helping them to grow even more. Ah, the first day of May, what a holy day to remember! It's the day of new sprouts in decaying Korea and the day of new life in children without names in Korea."
French,어린 사람의 해방운동이 단톄뎍으로 五百여 처에 니러나고 어린 사람의 생명 량식이 수십 가지 잡지로 뒤니어 나와서 어린이의 살림이 커지고 ᄯᅩ 넓어젓슴니다.  아아 거륵한 긔렴의 날 五月 초하로! 기우러진 됴선에 새싹이 돗기 시작한 날이 이날이요 성명도 업든 됴선의 어린이들이 새로운 생명을 엇은 날이 이날임니다.,Korean,어린이 운동이 단체적으로 오백여 곳에서 일어나고 어린 사람의 생명 양식이 수십 가지 잡지로 뒤이어 나와서 어린이의 살림이 커지고 또 넓어졌습니다. 아아 거룩한 기념의 날 오월 초하루! 기울어진 조선에 새싹이 돋기 시작한 날이 이날이요 성명도 없던 조선의 어린이들이 새로운 생명을 얻은 날이 이날입니다.
French,어린 사람의 해방운동이 단톄뎍으로 五百여 처에 니러나고 어린 사람의 생명 량식이 수십 가지 잡지로 뒤니어 나와서 어린이의 살림이 커지고 ᄯᅩ 넓어젓슴니다.  아아 거륵한 긔렴의 날 五月 초하로! 기우러진 됴선에 새싹이 돗기 시작한 날이 이날이요 성명도 업든 됴선의 어린이들이 새로운 생명을 엇은 날이 이날임니다.,Arabic,قد تم طرح حملات تحريرية للشباب في أكثر من خمسمائة مكان، وتلى ذلك العديد من المجلات المخصصة للأطفال من أجل قراءتها، مما ساعدهم على النضوج أكثر. اليوم الأول من شهر مايو، ياله من يوم مقدس يُحتفى به! إنه يومٌ تفتّحت فيه البراعم المنبثقة في كوريا الطموحة، إنّه يوم لحياة أطفال لا أسماء لهم.
French,어린 사람의 해방운동이 단톄뎍으로 五百여 처에 니러나고 어린 사람의 생명 량식이 수십 가지 잡지로 뒤니어 나와서 어린이의 살림이 커지고 ᄯᅩ 넓어젓슴니다.  아아 거륵한 긔렴의 날 五月 초하로! 기우러진 됴선에 새싹이 돗기 시작한 날이 이날이요 성명도 업든 됴선의 어린이들이 새로운 생명을 엇은 날이 이날임니다.,Chinese (Simplified),年幼者运动在五百多个地方一起爆发，作为年幼者的生命食粮，接连刊发了几十种杂志，儿童的生活也随之变得越发广阔。啊啊，神圣的纪念日五月初一！今天是倾倒的朝鲜开始萌出新芽的日子，曾经连姓名都没有的朝鲜儿童在今天获得了新生。
French,어린 사람의 해방운동이 단톄뎍으로 五百여 처에 니러나고 어린 사람의 생명 량식이 수십 가지 잡지로 뒤니어 나와서 어린이의 살림이 커지고 ᄯᅩ 넓어젓슴니다.  아아 거륵한 긔렴의 날 五月 초하로! 기우러진 됴선에 새싹이 돗기 시작한 날이 이날이요 성명도 업든 됴선의 어린이들이 새로운 생명을 엇은 날이 이날임니다.,Indonesian,"Gerakan pembebasan anak terjadi secara kolektif di lebih dari 500 lokasi dan pola hidup anak diikuti oleh puluhan majalah sehingga kehidupan anak tumbuh dan berkembang. Ah, hari peringatan yang suci, hari pertama di bulan Mei! Pada hari inilah tunas baru mulai bertumbuhan di Joseon yang terjungkir dan pada hari inilah anak-anak Joseon yang tidak memiliki nama memperoleh kehidupan baru."
French,어린 사람의 해방운동이 단톄뎍으로 五百여 처에 니러나고 어린 사람의 생명 량식이 수십 가지 잡지로 뒤니어 나와서 어린이의 살림이 커지고 ᄯᅩ 넓어젓슴니다.  아아 거륵한 긔렴의 날 五月 초하로! 기우러진 됴선에 새싹이 돗기 시작한 날이 이날이요 성명도 업든 됴선의 어린이들이 새로운 생명을 엇은 날이 이날임니다.,Japanese,幼い人の解放運動が団体を成して五百カ所余りで起こり、幼い人の生命の糧が数十種類の雑誌で語られたことで、こどもたちの世界が大きくなり、また広くなりました。 ああ、聖なる記念すべき日、五月一日！国勢が傾いていた朝鮮に新芽が芽吹き始めた日がこの日であり、名もなき朝鮮のこどもたちが新しい命を得た日がこの日なのです。
French,어린 사람의 해방운동이 단톄뎍으로 五百여 처에 니러나고 어린 사람의 생명 량식이 수십 가지 잡지로 뒤니어 나와서 어린이의 살림이 커지고 ᄯᅩ 넓어젓슴니다.  아아 거륵한 긔렴의 날 五月 초하로! 기우러진 됴선에 새싹이 돗기 시작한 날이 이날이요 성명도 업든 됴선의 어린이들이 새로운 생명을 엇은 날이 이날임니다.,Spanish,"Se realizaron campañas de liberación de los jóvenes en más de quinientos lugares, y les siguieron numerosas revistas para que lean los niños, ayudándolos a crecer aún más. ¡Ah, el primer día de mayo, qué día sagrado para recordar! Es el día de los nuevos brotes en la decadente Corea y el día de la nueva vida de los niños sin nombre de Corea."
French,어린이를 닑을 때의 늣김,Korean,어린이를 읽을 때의 느낌
French,어린이를 닑을 때의 늣김,Arabic,الانطباع المخلّف عن قراءة آورينالأطفال
French,어린이를 닑을 때의 늣김,Chinese (Simplified),读《儿童》所感
French,어린이를 닑을 때의 늣김,English,Impression from Reading EoriniChildren
French,어린이를 닑을 때의 늣김,Indonesian,Perasaan saat Membaca Anak-Anak
French,어린이를 닑을 때의 늣김,Japanese,こどもを読むときの気持ち
French,어린이를 닑을 때의 늣김,Spanish,Impresión al leer EoriniNiños
French,여보시오 게 가는 불 켜는 이어 고닯흔 그 길을 외로워 마시요 외로이 가시는 불 켜는 이어 이 몸은 당신의 동무임니다,Korean,"여보시오, 거기 가는 불 켜는 이여 고달픈 그 길을 외로워 마시오 외로이 가시는 불 켜는 이여 이 몸은 당신의 동무입니다"
French,여보시오 게 가는 불 켜는 이어 고닯흔 그 길을 외로워 마시요 외로이 가시는 불 켜는 이어 이 몸은 당신의 동무임니다,Arabic,يا مُنير الفوانيس، سأكون رفيقك، فلا تدع الوحدة تُخالجُك وأنت تسير لتمحوَ عُتمة هذا الدّرب المُرهِق
French,여보시오 게 가는 불 켜는 이어 고닯흔 그 길을 외로워 마시요 외로이 가시는 불 켜는 이어 이 몸은 당신의 동무임니다,Chinese (Simplified),路过的点灯人啊，不要孤独地走在那条路上。孤独的点灯人啊，我是你的同志。
French,여보시오 게 가는 불 켜는 이어 고닯흔 그 길을 외로워 마시요 외로이 가시는 불 켜는 이어 이 몸은 당신의 동무임니다,English,"Lamplighter, do not feel lonely while walking to light up on this weary path, a lonely lamplighter, I will be your friend"
French,여보시오 게 가는 불 켜는 이어 고닯흔 그 길을 외로워 마시요 외로이 가시는 불 켜는 이어 이 몸은 당신의 동무임니다,Indonesian,"Wahai penyala cahaya yang pergi ke sana, janganlah kesepian di jalan yang menyulitkan. Wahai penyala cahaya yang sendiri, tubuh ini adalah kawanmu."
French,여보시오 게 가는 불 켜는 이어 고닯흔 그 길을 외로워 마시요 외로이 가시는 불 켜는 이어 이 몸은 당신의 동무임니다,Japanese,さあ、そこ行く明かりを灯す人よ、苦しいその道を寂しがらないで。孤独な明かりを灯す人よ、この身はあなたの仲間です。
French,여보시오 게 가는 불 켜는 이어 고닯흔 그 길을 외로워 마시요 외로이 가시는 불 켜는 이어 이 몸은 당신의 동무임니다,Spanish,"Farolero, no te sientas solo cuando camines para encender los faroles de este camino agotado, farolero solitario, yo seré tu amigo"
French,우리 조선 사람이 세게에 자랑할 것이 만흔 가운데에도 더욱 글 자랑 가튼 것은 우리가 자랑하기 전에 외국 사람이 먼저 항복하는 것임니다. 그리하야 엇던 외국 사람은 『이 세게의 二百여 가지 글 중에 조선글갓치 아름답고 편리하게 된 것은 다시업다』고ᄭᅡ지 말한 일이 잇슴니다.  우리 조선글은 이럿게 세게의 읏듬되는 가장 조흔 글을 가젓스니 이 얼마나 자랑스러운 일이겟슴닛가?,Korean,우리 조선 사람이 세계에 자랑할 것이 많은 가운데에도 더욱 글 자랑 같은 것은 우리가 자랑하기 전에 외국 사람이 먼저 항복하는 것입니다. 그리하여 어떤 외국 사람은 『이 세계의 이백여 가지 글 중에 한글같이 아름답고 편리하게 된 것은 다시없다』고까지 말한 일이 있습니다. 우리는 이렇게 세계의 으뜸되는 가장 좋은 글을 가졌으니 이 얼마나 자랑스러운 일이겠습니까?
French,우리 조선 사람이 세게에 자랑할 것이 만흔 가운데에도 더욱 글 자랑 가튼 것은 우리가 자랑하기 전에 외국 사람이 먼저 항복하는 것임니다. 그리하야 엇던 외국 사람은 『이 세게의 二百여 가지 글 중에 조선글갓치 아름답고 편리하게 된 것은 다시업다』고ᄭᅡ지 말한 일이 잇슴니다.  우리 조선글은 이럿게 세게의 읏듬되는 가장 조흔 글을 가젓스니 이 얼마나 자랑스러운 일이겟슴닛가?,Arabic,"بالتأكيد، الهانغول ليس الجوهر الوحيد الذي نفتخر به في كوريا، ومع ذلك، فإنّ الأجانب يتبجحون به قبلنا حين نخوض في حوار عنه. فمثلاً، مرّة أجاد أحدهم قائلا: ""من بين أكثر من مئتي ابجدية معروفة في العالم، ما من نظام كتابةٍ آخر، يتمتع بالجمال واليسر كالهانغول"". يا له من فخرعظيم يمكننا التباهي به كوننا نمتلك أحد أفضل الكتابات في العالم."
French,우리 조선 사람이 세게에 자랑할 것이 만흔 가운데에도 더욱 글 자랑 가튼 것은 우리가 자랑하기 전에 외국 사람이 먼저 항복하는 것임니다. 그리하야 엇던 외국 사람은 『이 세게의 二百여 가지 글 중에 조선글갓치 아름답고 편리하게 된 것은 다시업다』고ᄭᅡ지 말한 일이 잇슴니다.  우리 조선글은 이럿게 세게의 읏듬되는 가장 조흔 글을 가젓스니 이 얼마나 자랑스러운 일이겟슴닛가?,Chinese (Simplified),我们朝鲜人有很多值得向全世界炫耀的东西，其中，文字更是在我们还没有开始炫耀之前，外国人就已先行叹服。甚至有个外国人说，“这个世界上的两百多种文字中，再也没有比韩文更优美、更方便的文字了”。我们拥有这个世界上最优秀的文字，这是一件多么值得自豪的事啊！
French,우리 조선 사람이 세게에 자랑할 것이 만흔 가운데에도 더욱 글 자랑 가튼 것은 우리가 자랑하기 전에 외국 사람이 먼저 항복하는 것임니다. 그리하야 엇던 외국 사람은 『이 세게의 二百여 가지 글 중에 조선글갓치 아름답고 편리하게 된 것은 다시업다』고ᄭᅡ지 말한 일이 잇슴니다.  우리 조선글은 이럿게 세게의 읏듬되는 가장 조흔 글을 가젓스니 이 얼마나 자랑스러운 일이겟슴닛가?,English,"Of course, Hangul is not the only thing we can boast about Korea, but speaking of Hangul, foreigners recognize that before we do so. For instance, one foreigner once said, ""There are no other writing systems in more than two hundred writing systems throughout the world that are both beautiful and easy to use than Hangul."" What great pride we can boast about having the best writing system in the world!"
French,우리 조선 사람이 세게에 자랑할 것이 만흔 가운데에도 더욱 글 자랑 가튼 것은 우리가 자랑하기 전에 외국 사람이 먼저 항복하는 것임니다. 그리하야 엇던 외국 사람은 『이 세게의 二百여 가지 글 중에 조선글갓치 아름답고 편리하게 된 것은 다시업다』고ᄭᅡ지 말한 일이 잇슴니다.  우리 조선글은 이럿게 세게의 읏듬되는 가장 조흔 글을 가젓스니 이 얼마나 자랑스러운 일이겟슴닛가?,Indonesian,"Orang Joseon memiliki banyak hal untuk dibanggakan di dunia, tetapi orang asing telah membanggakan huruf kita terlebih dahulu sebelum kita dapat membanggakannya. Oleh karena itu, seorang asing bahkan berkata, ""Dari sekitar dua ratus huruf di dunia, tidak ada yang seindah dan senyaman Hangeul."" Betapa bangganya kita memiliki tulisan terhebat dan terbaik di dunia."
French,우리 조선 사람이 세게에 자랑할 것이 만흔 가운데에도 더욱 글 자랑 가튼 것은 우리가 자랑하기 전에 외국 사람이 먼저 항복하는 것임니다. 그리하야 엇던 외국 사람은 『이 세게의 二百여 가지 글 중에 조선글갓치 아름답고 편리하게 된 것은 다시업다』고ᄭᅡ지 말한 일이 잇슴니다.  우리 조선글은 이럿게 세게의 읏듬되는 가장 조흔 글을 가젓스니 이 얼마나 자랑스러운 일이겟슴닛가?,Japanese,我々朝鮮の人々は世界に誇れるものをたくさん持っていますが、その中でも文字の自慢となると、我々が自慢するも前に外国の人が先に頭を下げてしまうのです。それで、ある外国の人が、「この世界の200余りの文字のうち、ハングルほど美しく便利なものはない」とまで言ったことがあります。我々は、このように世界で最も優秀な文字を持っているのですから、どれほど誇らしいことでしょう。
French,우리 조선 사람이 세게에 자랑할 것이 만흔 가운데에도 더욱 글 자랑 가튼 것은 우리가 자랑하기 전에 외국 사람이 먼저 항복하는 것임니다. 그리하야 엇던 외국 사람은 『이 세게의 二百여 가지 글 중에 조선글갓치 아름답고 편리하게 된 것은 다시업다』고ᄭᅡ지 말한 일이 잇슴니다.  우리 조선글은 이럿게 세게의 읏듬되는 가장 조흔 글을 가젓스니 이 얼마나 자랑스러운 일이겟슴닛가?,Spanish,"Claro, el hangul no es lo único de lo que podemos presumir de Corea, sino que al hablar del hangul, los extranjeros lo reconocen antes que nosotros. Por ejemplo, un extranjero dijo: «No existe otro sistema de escritura, entre los más de doscientos que existen en el mundo, que sea hermoso y fácil de usar como el hangul». ¡Qué orgullo poder presumir de tener el mejor sistema de escritura del mundo!"
French,이럿케 우리 조선글은 소리의 낫낫을 형용形容할 수 잇고 일본글은 소리를 덩어리 곳 범벅으로 내게 된 ᄭᅡ닭에 조선글로는 이 세게 어느 나라 말이고 곳 적어서 형용하지 못할 것이 업스되 일본글로는 우리 인류人類전체의 말을 적기에는 대단히 거북함니다.,Korean,이렇게 우리 한글은 소리의 낱낱을 형용할 수 있고 일본글은 소리를 덩어리 곧 범벅으로 내게 된 까닭에 한글로는 이 세계 어느 나라 말이고 곧 적어서 형용하지 못한 것이 없으되 일본글로는 우리 인류 전체의 말을 적기에는 대단히 불편합니다.
French,이럿케 우리 조선글은 소리의 낫낫을 형용形容할 수 잇고 일본글은 소리를 덩어리 곳 범벅으로 내게 된 ᄭᅡ닭에 조선글로는 이 세게 어느 나라 말이고 곳 적어서 형용하지 못할 것이 업스되 일본글로는 우리 인류人類전체의 말을 적기에는 대단히 거북함니다.,Arabic,نظرًا لأن الهانغل تتستخدمُ معظم مخارج النطق الصوتية، فلا توجد أي لغة في العالم لا يمكن كتابتها بالأبجدية الكورية، على عكس الأبجدية اليابانية التي يُصتعصى الأمر أمامها.
French,이럿케 우리 조선글은 소리의 낫낫을 형용形容할 수 잇고 일본글은 소리를 덩어리 곳 범벅으로 내게 된 ᄭᅡ닭에 조선글로는 이 세게 어느 나라 말이고 곳 적어서 형용하지 못할 것이 업스되 일본글로는 우리 인류人類전체의 말을 적기에는 대단히 거북함니다.,Chinese (Simplified),像这样，我们的韩文可以形容声音的每一个细节，日文则会混乱成团地发出声音。所以，这个世界上所有国家的语言，都能使用韩文书写形容，但用日文书写全人类的语言就会有诸多不便。
French,이럿케 우리 조선글은 소리의 낫낫을 형용形容할 수 잇고 일본글은 소리를 덩어리 곳 범벅으로 내게 된 ᄭᅡ닭에 조선글로는 이 세게 어느 나라 말이고 곳 적어서 형용하지 못할 것이 업스되 일본글로는 우리 인류人類전체의 말을 적기에는 대단히 거북함니다.,English,"Since Hangul expresses each sound while the Japanese writing system does it as a chunk of sounds, there is not any language across the world that cannot be described in Hangul, but it is very inconvenient to do so in the Japanese writing system."
French,이럿케 우리 조선글은 소리의 낫낫을 형용形容할 수 잇고 일본글은 소리를 덩어리 곳 범벅으로 내게 된 ᄭᅡ닭에 조선글로는 이 세게 어느 나라 말이고 곳 적어서 형용하지 못할 것이 업스되 일본글로는 우리 인류人類전체의 말을 적기에는 대단히 거북함니다.,Indonesian,"Hangeul dapat menggambarkan setiap suara seperti ini, sementara huruf Jepang menghasilkan suara yang menggumpal. Tidak ada bahasa negara mana pun di dunia yang tidak ada yang tidak dapat ditulis atau diekspresikan dengan Hangeul. Oleh karena itu, sangat merepotkan untuk menuliskan kata-kata dari seluruh umat manusia dalam huruf Jepang."
French,이럿케 우리 조선글은 소리의 낫낫을 형용形容할 수 잇고 일본글은 소리를 덩어리 곳 범벅으로 내게 된 ᄭᅡ닭에 조선글로는 이 세게 어느 나라 말이고 곳 적어서 형용하지 못할 것이 업스되 일본글로는 우리 인류人類전체의 말을 적기에는 대단히 거북함니다.,Japanese,このように、我々が使うハングルは、音の一つひとつを形容することができる一方、日本語の文字は、音を塊として発音するようになっています。したがって、ハングルでは世界中のどの国の言葉であっても書き留めて形容できるのですが、日本語の文字は我々人類全体の言葉を書き留めるには非常に不便です。
French,이럿케 우리 조선글은 소리의 낫낫을 형용形容할 수 잇고 일본글은 소리를 덩어리 곳 범벅으로 내게 된 ᄭᅡ닭에 조선글로는 이 세게 어느 나라 말이고 곳 적어서 형용하지 못할 것이 업스되 일본글로는 우리 인류人類전체의 말을 적기에는 대단히 거북함니다.,Spanish,"Debido a que el hangul expresa cada sonido mientras que el sistema de escritura japonesa lo hace con un fragmento de sonidos, no existe otro idioma en el mundo que no se pueda describir con hangul, pero sí es muy inconveniente hacerlo con el sistema de escritura japonesa."
French,조선 안의 어린이란 어린이가 해를 배호면서 자라면  조선에는 수업시 만흔 씩씩한 태양이 생겨날 것이니 깃브지 안습닛가,Arabic,عندما يكبر أطفالنا وهم مدركين أسرار أشعة الشمس وقيمتها، سيكون لدينا أطفال أصحاء وحيويين. أليس ذلك بالأمر الرائع!
French,조선 안의 어린이란 어린이가 해를 배호면서 자라면  조선에는 수업시 만흔 씩씩한 태양이 생겨날 것이니 깃브지 안습닛가,Chinese (Simplified),朝鲜儿童一边学习太阳、一边成长，等他们长大，朝鲜就会升起无数的蓬勃太阳，这多么让人开心啊。
French,조선 안의 어린이란 어린이가 해를 배호면서 자라면  조선에는 수업시 만흔 씩씩한 태양이 생겨날 것이니 깃브지 안습닛가,English,"When all children in Korea grow while learning from the sun, we will have many more healthy and lively children. Wouldn't it be wonderful!"
French,조선 안의 어린이란 어린이가 해를 배호면서 자라면  조선에는 수업시 만흔 씩씩한 태양이 생겨날 것이니 깃브지 안습닛가,Indonesian,"Jika anak-anak Joseon tumbuh dengan mempelajari matahari, bukankah kita akan senang karena matahari pemberani yang tak terhitung jumlahnya akan terlahir di Joseon?"
French,조선 안의 어린이란 어린이가 해를 배호면서 자라면  조선에는 수업시 만흔 씩씩한 태양이 생겨날 것이니 깃브지 안습닛가,Japanese,朝鮮中のこどもというこどもが太陽を学びながら育っていけば、朝鮮には無数の元気な太陽が生まれるのでしょうから、嬉しいことではないでしょうか。
French,조선 안의 어린이란 어린이가 해를 배호면서 자라면  조선에는 수업시 만흔 씩씩한 태양이 생겨날 것이니 깃브지 안습닛가,Spanish,"Cuando todos los niños de Corea crezcan mientras aprenden del sol, tendremos muchos más niños saludables y alegres. ¿No sería maravilloso?"
French,조선 안의 어린이란 어린이가 해를 배호면서 자라면  조선에는 수업시 만흔 씩씩한 태양이 생겨날 것이니 깃브지 안습닛가,Korean,선 안의 어린이란 어린이가 해를 배우면서 자라면 조선에는 수없이 많은 씩씩한 태양이 생겨날 것이니 기쁘지 않습니까.
French,표지던지 목차던지 심지어 광고ᄭᅡ지 어린이 책은 모조리 읽고야 놋케 되는 것은 분명히 우리의 혼을 ᄭᅳᆯ어 니르키여내는 ᄭᅡ닭임니다.,Korean,표지든지 목차든지 심지어 광고까지 어린이 책은 모조리 읽고서야 놓게 되는 것은 분명히 우리의 혼을 끌어 일으켜내는 까닭입니다.
French,표지던지 목차던지 심지어 광고ᄭᅡ지 어린이 책은 모조리 읽고야 놋케 되는 것은 분명히 우리의 혼을 ᄭᅳᆯ어 니르키여내는 ᄭᅡ닭임니다.,Arabic,من دون أدنى شك، تُلهم هذه المجلة قلوبنا وتريح أرواحنا، لا يسعني إلا أن أتصفحها من الغلاف إلى الغلاف، بجميع محتوياتها بما في ذلك صفحاتها الإعلانية.
French,표지던지 목차던지 심지어 광고ᄭᅡ지 어린이 책은 모조리 읽고야 놋케 되는 것은 분명히 우리의 혼을 ᄭᅳᆯ어 니르키여내는 ᄭᅡ닭임니다.,Chinese (Simplified),无论是封皮还是目录、甚至于广告，儿童书籍读完才能放下，都是因为它能牵动我们灵魂的缘故。
French,표지던지 목차던지 심지어 광고ᄭᅡ지 어린이 책은 모조리 읽고야 놋케 되는 것은 분명히 우리의 혼을 ᄭᅳᆯ어 니르키여내는 ᄭᅡ닭임니다.,English,"I am sure this magazine truly inspires our hearts and spirit as I cannot ignore reading it from cover to cover, including its every single content and advertisement page."
French,표지던지 목차던지 심지어 광고ᄭᅡ지 어린이 책은 모조리 읽고야 놋케 되는 것은 분명히 우리의 혼을 ᄭᅳᆯ어 니르키여내는 ᄭᅡ닭임니다.,Indonesian,"Fakta bahwa buku anak-anak baru bisa diletakkan setelah dibaca semua, termasuk sampul, daftar isi, bahkan iklannya, jelas karena hal tersebut menarik jiwa kita."
French,표지던지 목차던지 심지어 광고ᄭᅡ지 어린이 책은 모조리 읽고야 놋케 되는 것은 분명히 우리의 혼을 ᄭᅳᆯ어 니르키여내는 ᄭᅡ닭임니다.,Japanese,表紙や目次、さらには広告まで、『こども』は、すべてを読み終わるまで手放すことができないのは、きっとそれが私たちの魂をかき立てているからに違いありません。
French,표지던지 목차던지 심지어 광고ᄭᅡ지 어린이 책은 모조리 읽고야 놋케 되는 것은 분명히 우리의 혼을 ᄭᅳᆯ어 니르키여내는 ᄭᅡ닭임니다.,Spanish,"Tengo la seguridad de que esta revista inspira verdaderamente nuestro corazón y espíritu porque no puedo evitar leerla de principio a fin, incluido cada contenido y página de publicidades."
French,해는 공명정대합니다. 사정에 ᄯᅡ라 변개變改하는 법이 업습니다. 그것을 배호십시다.   우선 오늘브터 아츰마다 해보다 먼저 니러날 것을  결심하십시다. 그리고 해보다 먼저 대문 압헤 나서서  해가 ᄯᅥ오기를 기다려 마지하십시다.  그 씩씩한 아츰 해를 마지한 날처럼  왼종일 상쾌한 날은 업습니다.,Korean,해는 공명정대합니다. 사정에 따라 바꾸어 고치는 법이 없습니다. 그것을 배우십시다. 우선 오늘부터 아침마다 해보다 먼저 일어날 것을 결심하십시다. 그리고 해보다 먼저 대문 앞에 나서서 해가 떠오르기를 기다려 맞이하십시다. 그 씩씩한 아침 해를 맞이한 날처럼 온종일 상쾌한 날은 없습니다.
French,해는 공명정대합니다. 사정에 ᄯᅡ라 변개變改하는 법이 업습니다. 그것을 배호십시다.   우선 오늘브터 아츰마다 해보다 먼저 니러날 것을  결심하십시다. 그리고 해보다 먼저 대문 압헤 나서서  해가 ᄯᅥ오기를 기다려 마지하십시다.  그 씩씩한 아츰 해를 마지한 날처럼  왼종일 상쾌한 날은 업습니다.,Arabic,الشمس منصفة وثابتة. لا تغيرها الظروف مطلقًا. لنتعلّم من تواضعها وحزمها. أولا، لنحسم أمرنا ونستيقظ كل صباح قبل شروقها. ومن ثمّ، دعونا نخرج لنرحّب بأشعتها. لن يكون هناك يوم أفضل من اليوم الذي يستقبل فيه جميع الأطفال ضياؤها.
French,해는 공명정대합니다. 사정에 ᄯᅡ라 변개變改하는 법이 업습니다. 그것을 배호십시다.   우선 오늘브터 아츰마다 해보다 먼저 니러날 것을  결심하십시다. 그리고 해보다 먼저 대문 압헤 나서서  해가 ᄯᅥ오기를 기다려 마지하십시다.  그 씩씩한 아츰 해를 마지한 날처럼  왼종일 상쾌한 날은 업습니다.,Chinese (Simplified),太阳胸怀坦荡。它不会根据情况改变。让我们学习太阳吧。从今天开始每天早晨都比太阳起得早。先一步走到大门前，迎接太阳的升起。迎接蓬勃朝阳的那一天，一整天都无比快活。
French,해는 공명정대합니다. 사정에 ᄯᅡ라 변개變改하는 법이 업습니다. 그것을 배호십시다.   우선 오늘브터 아츰마다 해보다 먼저 니러날 것을  결심하십시다. 그리고 해보다 먼저 대문 압헤 나서서  해가 ᄯᅥ오기를 기다려 마지하십시다.  그 씩씩한 아츰 해를 마지한 날처럼  왼종일 상쾌한 날은 업습니다.,English,"Sun is fair and just. It never changes depending on circumstances. Let us learn from the sun. First, let us make up our minds and wake up earlier than sunrise each morning. Then, let us go out early to welcome the sunrise. There will be no better day than the day when we have all children welcoming the sunrise."
French,해는 공명정대합니다. 사정에 ᄯᅡ라 변개變改하는 법이 업습니다. 그것을 배호십시다.   우선 오늘브터 아츰마다 해보다 먼저 니러날 것을  결심하십시다. 그리고 해보다 먼저 대문 압헤 나서서  해가 ᄯᅥ오기를 기다려 마지하십시다.  그 씩씩한 아츰 해를 마지한 날처럼  왼종일 상쾌한 날은 업습니다.,Indonesian,"Matahari itu jujur dan adil. Ia berubah tergantung pada keadaan dan tak ada cara untuk memperbaikinya. Pelajarilah itu. Pertama, mari kita bertekad untuk bangun sebelum matahari terbit setiap pagi mulai hari ini. Dan mari kita keluar di depan pintu sebelum matahari terbit untuk menunggu matahari terbit. Sepanjang hari, tiada hari yang menyegarkan seperti ketika semangat mentari pagi menyapa."
French,해는 공명정대합니다. 사정에 ᄯᅡ라 변개變改하는 법이 업습니다. 그것을 배호십시다.   우선 오늘브터 아츰마다 해보다 먼저 니러날 것을  결심하십시다. 그리고 해보다 먼저 대문 압헤 나서서  해가 ᄯᅥ오기를 기다려 마지하십시다.  그 씩씩한 아츰 해를 마지한 날처럼  왼종일 상쾌한 날은 업습니다.,Japanese,太陽は公明正大です。自分の都合で入れ替わったりしません。それを学びましょう。 まず、今日から毎朝太陽より先に起きることを決心しましょう。そして太陽より先に門の前に出て、太陽が昇るのを待って迎えましょう。あの逞しい朝日を迎えた日ほど一日中爽快な日はありません。
French,해는 공명정대합니다. 사정에 ᄯᅡ라 변개變改하는 법이 업습니다. 그것을 배호십시다.   우선 오늘브터 아츰마다 해보다 먼저 니러날 것을  결심하십시다. 그리고 해보다 먼저 대문 압헤 나서서  해가 ᄯᅥ오기를 기다려 마지하십시다.  그 씩씩한 아츰 해를 마지한 날처럼  왼종일 상쾌한 날은 업습니다.,Spanish,"El sol es imparcial y justo. Nunca cambia según las circunstancias. Aprendamos del sol. Primero, vamos a decidirnos y a despertarnos más temprano que el amanecer cada mañana. Luego, salgamos temprano para darle la bienvenida al amanecer. No habrá mejor día que el día en que todos los niños le den la bienvenida al amanecer."
French,해는 쉬지 안습니다. 한시 잠시도 쉬지 안코  자긔 갈 길을 것고 잇습니다.,Korean,해는 쉬지 않습니다. 한시 잠시도 쉬지 않고 자기 갈 길을 걷고 있습니다.
French,해는 쉬지 안습니다. 한시 잠시도 쉬지 안코  자긔 갈 길을 것고 잇습니다.,Arabic,الشمس لا تهدأ. إنها تسبحُ في فلكها من دون توقف.
French,해는 쉬지 안습니다. 한시 잠시도 쉬지 안코  자긔 갈 길을 것고 잇습니다.,Chinese (Simplified),太阳不休息。它一刻不停地走着自己的路。
French,해는 쉬지 안습니다. 한시 잠시도 쉬지 안코  자긔 갈 길을 것고 잇습니다.,English,Sun is unceasing. It just keeps on going its way without stopping.
French,해는 쉬지 안습니다. 한시 잠시도 쉬지 안코  자긔 갈 길을 것고 잇습니다.,Indonesian,Matahari tidak pernah beristirahat. Ia berjalan di jalannya sendiri tanpa istirahat.
French,해는 쉬지 안습니다. 한시 잠시도 쉬지 안코  자긔 갈 길을 것고 잇습니다.,Japanese,太陽は休みません。一時も休むことなく自分の道を歩みます。
French,해는 쉬지 안습니다. 한시 잠시도 쉬지 안코  자긔 갈 길을 것고 잇습니다.,Spanish,El sol es incesante. Continúa su camino sin detenerse.
French,해는 언제던지 씩씩합니다. 무섬을 타지 안습니다 겁이 업습니다. 그것을 배호십시다.,Korean,해는 언제든지 씩씩합니다. 무서움을 타지 않습니다. 겁이 없습니다. 그것을 배우십시다.
French,해는 언제던지 씩씩합니다. 무섬을 타지 안습니다 겁이 업습니다. 그것을 배호십시다.,Arabic,الشمس دائماً نشيطة، لا تخاف شيئاً ولا تعرف الخوف. دعونا نتعلم من الشمس.
French,해는 언제던지 씩씩합니다. 무섬을 타지 안습니다 겁이 업습니다. 그것을 배호십시다.,Chinese (Simplified),太阳永远充满活力。它不害怕任何事情，毫无恐惧。让我们向太阳学习。
French,해는 언제던지 씩씩합니다. 무섬을 타지 안습니다 겁이 업습니다. 그것을 배호십시다.,English,Sun is always energetic. It's not afraid of anything. It has no fear. Let us learn from the sun.
French,해는 언제던지 씩씩합니다. 무섬을 타지 안습니다 겁이 업습니다. 그것을 배호십시다.,Indonesian,Matahari selalu penuh energi. Tidak takut dengan apa pun. Tidak ada rasa takut. Mari kita belajar dari matahari.
French,해는 언제던지 씩씩합니다. 무섬을 타지 안습니다 겁이 업습니다. 그것을 배호십시다.,Japanese,太陽は常に元気です。それは恐れを知りません。それは恐怖心がありません。太陽から学びましょう。
French,해는 언제던지 씩씩합니다. 무섬을 타지 안습니다 겁이 업습니다. 그것을 배호십시다.,Spanish,El sol siempre está lleno de energía. No le teme a nada. No tiene miedo. Aprendamos del sol.
French,六號室은 서양 각국과 기타 여러 나라에 작품이니 여긔가 세상 사람의 다 가티 긔대하는 작품 진렬실이다 드러스니ᄭᅡ 아니나 다를가 여긔도 벌서 먼저 들어온 단톄 학생의 한 ᄯᅦ가 잇서서 방뎡환 씨의 설명을 열심으로 듯고 잇고 어느 학교 교원인 듯 십흔 양복 신사들과 녀자들이 련해 손짓을 하면서 가장 열심스럽게 각국 그림을 비교해 보고 잇다,Korean,6호실은 서양 각국과 기타 여러 나라에 작품이니 여기가 세상 사람의 다 같이 기대하는 작품 진열실이다. 들어서니까 아니나 다를까 여기도 벌써 먼저 들어온 단체 학생의 한 떼가 있어서 방정환 씨의 설명을 열심으로 듣고 있고 어느 학교 교원인 듯싶은 양복 신사들과 여자들이 연달아 손짓을 하면서 가장 열심히 각국 그림을 비교해 보고 있다.
French,六號室은 서양 각국과 기타 여러 나라에 작품이니 여긔가 세상 사람의 다 가티 긔대하는 작품 진렬실이다 드러스니ᄭᅡ 아니나 다를가 여긔도 벌서 먼저 들어온 단톄 학생의 한 ᄯᅦ가 잇서서 방뎡환 씨의 설명을 열심으로 듯고 잇고 어느 학교 교원인 듯 십흔 양복 신사들과 녀자들이 련해 손짓을 하면서 가장 열심스럽게 각국 그림을 비교해 보고 잇다,Arabic,المسرح السادس هو عبارة عن صالة عرضٍ تُعرض بها جميع الأعمال الفنية من مختلف البلدان الغربية والأقطار الأخرى، وهو ما كان العالم بأسره ينتظره بلهفة وشوق. فبمجرد أن عَبَرْتُ عتبةَ الصالةِ، وجدتُ الطلابَ وقدْ انتشروا فيها، مَستَمعين بشغفٍ بشروحات السيد بانغ جونج هوان، وكذلك العديد من الرجال والنساء، الذين بدوا وكأنّهم معلمين، كانوا يتناقشون بحماسٍ مُقارنين بينَ القطع الفنية الراقيةِ لكلّ بلد.
French,六號室은 서양 각국과 기타 여러 나라에 작품이니 여긔가 세상 사람의 다 가티 긔대하는 작품 진렬실이다 드러스니ᄭᅡ 아니나 다를가 여긔도 벌서 먼저 들어온 단톄 학생의 한 ᄯᅦ가 잇서서 방뎡환 씨의 설명을 열심으로 듯고 잇고 어느 학교 교원인 듯 십흔 양복 신사들과 녀자들이 련해 손짓을 하면서 가장 열심스럽게 각국 그림을 비교해 보고 잇다,Chinese (Simplified),6号室展示了西方各国和其他多个国家的作品，这里是世界人民共同期待的作品陈列室。走进展室后，果不其然，这里也有早就进来的学生团体，他们正在认真地听取关于方定焕先生的介绍，像是某校教员的西装绅士和女士们不断比着手势，正在无比认真地比较各国的画作。
French,六號室은 서양 각국과 기타 여러 나라에 작품이니 여긔가 세상 사람의 다 가티 긔대하는 작품 진렬실이다 드러스니ᄭᅡ 아니나 다를가 여긔도 벌서 먼저 들어온 단톄 학생의 한 ᄯᅦ가 잇서서 방뎡환 씨의 설명을 열심으로 듯고 잇고 어느 학교 교원인 듯 십흔 양복 신사들과 녀자들이 련해 손짓을 하면서 가장 열심스럽게 각국 그림을 비교해 보고 잇다,English,"The 6th Theater is a showroom of all the works from various Western countries and other parts of the world that all people have been waiting for. Walking in, the theater was already occupied by a group of students eagerly listening to Mr. Bang Jung Hwan's explanation, and by many men and women, who appeared to be teachers, most enthusiastically comparing the artworks from each country."
French,六號室은 서양 각국과 기타 여러 나라에 작품이니 여긔가 세상 사람의 다 가티 긔대하는 작품 진렬실이다 드러스니ᄭᅡ 아니나 다를가 여긔도 벌서 먼저 들어온 단톄 학생의 한 ᄯᅦ가 잇서서 방뎡환 씨의 설명을 열심으로 듯고 잇고 어느 학교 교원인 듯 십흔 양복 신사들과 녀자들이 련해 손짓을 하면서 가장 열심스럽게 각국 그림을 비교해 보고 잇다,Indonesian,"Ruang 6 adalah pameran karya dari negara-negara Barat dan banyak negara lainnya. Ruang pameran inilah yang dinanti-nantikan oleh orang-orang di seluruh dunia. Saat memasukinya, ada sekelompok siswa yang sudah terlebih dahulu masuk ke sini. Dengan penuh semangat, mereka mendengarkan penjelasan Bang Jeong-hwan. Laki-laki dan wanita berjas yang tampaknya adalah guru sekolah memberi isyarat satu demi satu dan membandingkan lukisan dari setiap negara dengan teliti."
French,六號室은 서양 각국과 기타 여러 나라에 작품이니 여긔가 세상 사람의 다 가티 긔대하는 작품 진렬실이다 드러스니ᄭᅡ 아니나 다를가 여긔도 벌서 먼저 들어온 단톄 학생의 한 ᄯᅦ가 잇서서 방뎡환 씨의 설명을 열심으로 듯고 잇고 어느 학교 교원인 듯 십흔 양복 신사들과 녀자들이 련해 손짓을 하면서 가장 열심스럽게 각국 그림을 비교해 보고 잇다,Japanese,6号室は、欧米諸国をはじめ、その他の世界各国の作品があり、ここが世界中の誰もが期待する作品陳列室である。入ってみると案の定、ここにもすでに先に入ってきた学生の団体がいて、パン・ジョンファン氏の説明を熱心に聞いており、どこかの学校の教員と思われる背広姿の紳士と女性たちが相次いで手振りをしながら、最も熱心に各国の絵を比較している。
French,六號室은 서양 각국과 기타 여러 나라에 작품이니 여긔가 세상 사람의 다 가티 긔대하는 작품 진렬실이다 드러스니ᄭᅡ 아니나 다를가 여긔도 벌서 먼저 들어온 단톄 학생의 한 ᄯᅦ가 잇서서 방뎡환 씨의 설명을 열심으로 듯고 잇고 어느 학교 교원인 듯 십흔 양복 신사들과 녀자들이 련해 손짓을 하면서 가장 열심스럽게 각국 그림을 비교해 보고 잇다,Spanish,"El Sexto Teatro es una sala de exposición de todas las obras de diferentes países occidentales y de otras partes del mundo que todas las personas han estado esperando. Al entrar, el teatro ya estaba ocupado por un grupo de estudiantes que escuchaban con ganas la explicación del Sr. Bang Jung Hwan, y también ocupado por muchos hombres y mujeres, que parecían ser maestros, y comparaban con entusiasmo las obras de arte de cada país."
